{
    "global_orient": [
        [
            -3.008066415786743,
            -0.048591163009405136,
            -0.022312993183732033
        ]
    ],
    "body_pose": [
        [
            -0.06401490420103073,
            0.05270759388804436,
            0.09503047913312912
        ],
        [
            -0.05420287698507309,
            -0.02460690401494503,
            -0.03360613062977791
        ],
        [
            0.15812689065933228,
            0.010501223616302013,
            -0.03016473352909088
        ],
        [
            0.27046656608581543,
            -0.020924396812915802,
            0.023708337917923927
        ],
        [
            0.2609904706478119,
            0.03668052703142166,
            0.009951788000762463
        ],
        [
            -0.10399594902992249,
            -0.0023909735027700663,
            -0.011603554710745811
        ],
        [
            -0.09749940782785416,
            0.1676127314567566,
            0.0009534699493087828
        ],
        [
            -0.12026743590831757,
            -0.13396117091178894,
            -0.022305594757199287
        ],
        [
            0.09065394103527069,
            -0.014885902404785156,
            -0.003890188643708825
        ],
        [
            -0.01260508131235838,
            -0.006518873386085033,
            -0.014065486378967762
        ],
        [
            -0.01407179981470108,
            0.0042577642016112804,
            0.007377940695732832
        ],
        [
            -0.10493183135986328,
            -0.05090612918138504,
            0.15842542052268982
        ],
        [
            -0.0076810154132544994,
            0.04491560161113739,
            -0.09703473746776581
        ],
        [
            -0.00240347976796329,
            -0.04425793141126633,
            0.1806659996509552
        ],
        [
            -0.011797390878200531,
            -0.009938344359397888,
            -0.02457013539969921
        ],
        [
            0.023297671228647232,
            -0.13817650079727173,
            -0.8021214604377747
        ],
        [
            -0.027375178411602974,
            0.07458215206861496,
            0.7827452421188354
        ],
        [
            -0.08970195055007935,
            -0.33059805631637573,
            0.05589650198817253
        ],
        [
            -0.1582368016242981,
            0.3326295018196106,
            -0.13704954087734222
        ],
        [
            -0.19881054759025574,
            0.00977727398276329,
            0.2719334065914154
        ],
        [
            -0.1591545045375824,
            -0.03004779852926731,
            -0.31664353609085083
        ]
    ],
    "left_hand_pose": [
        [
            -0.04117589816451073,
            0.03699686750769615,
            0.13361096382141113
        ],
        [
            -0.00427269795909524,
            0.0025637985672801733,
            0.422041118144989
        ],
        [
            0.011203328147530556,
            0.06151185557246208,
            0.3135600686073303
        ],
        [
            0.0504041351377964,
            -0.07403203099966049,
            0.10523073375225067
        ],
        [
            0.06894908100366592,
            0.033772315829992294,
            0.5873543620109558
        ],
        [
            0.02719108760356903,
            0.030135968700051308,
            0.3398911952972412
        ],
        [
            0.3300597369670868,
            -0.03664208948612213,
            0.35164347290992737
        ],
        [
            0.13365182280540466,
            0.12950226664543152,
            0.23933623731136322
        ],
        [
            0.1405927836894989,
            0.05026613175868988,
            0.21802085638046265
        ],
        [
            0.14447905123233795,
            -0.058051373809576035,
            0.24592101573944092
        ],
        [
            0.12149491161108017,
            0.05813935399055481,
            0.5979056358337402
        ],
        [
            0.0602344311773777,
            0.05388782545924187,
            0.2956484258174896
        ],
        [
            -0.23140811920166016,
            -0.04627145081758499,
            0.09095816314220428
        ],
        [
            0.05871348828077316,
            0.09131163358688354,
            0.03502789884805679
        ],
        [
            -0.12368954718112946,
            -0.15706594288349152,
            0.09364014118909836
        ]
    ],
    "right_hand_pose": [
        [
            -0.05249713361263275,
            -0.02454063482582569,
            -0.08824972808361053
        ],
        [
            0.01665881648659706,
            -0.0025123695377260447,
            -0.3766452670097351
        ],
        [
            -0.0006727869622409344,
            -0.052848879247903824,
            -0.3198474645614624
        ],
        [
            0.042279716581106186,
            0.07592921704053879,
            -0.06985609978437424
        ],
        [
            0.056399863213300705,
            -0.020017197355628014,
            -0.5307332873344421
        ],
        [
            0.024765130132436752,
            -0.03024078719317913,
            -0.30829355120658875
        ],
        [
            0.3248347043991089,
            0.02991827018558979,
            -0.32844531536102295
        ],
        [
            0.09145902842283249,
            -0.12512685358524323,
            -0.25271886587142944
        ],
        [
            0.1747402399778366,
            -0.02555212564766407,
            -0.19487310945987701
        ],
        [
            0.13960574567317963,
            0.06688807159662247,
            -0.2266952097415924
        ],
        [
            0.10306347161531448,
            -0.043252699077129364,
            -0.5308756232261658
        ],
        [
            0.05821847915649414,
            -0.04898544400930405,
            -0.26857906579971313
        ],
        [
            -0.23602299392223358,
            0.0335262231528759,
            -0.0852065458893776
        ],
        [
            0.06605815887451172,
            -0.08823294192552567,
            -0.01043651532381773
        ],
        [
            -0.11864938586950302,
            0.1538945883512497,
            -0.08166611194610596
        ]
    ],
    "jaw_pose": [
        [
            0.005857054144144058,
            -0.0024290301371365786,
            -0.001057279296219349
        ]
    ],
    "leye_pose": [
        [
            0.0,
            0.0,
            0.0
        ]
    ],
    "reye_pose": [
        [
            0.0,
            0.0,
            0.0
        ]
    ],
    "betas": [
        [
            0.34492549300193787,
            -0.12679331004619598,
            0.3121359348297119,
            0.13239023089408875,
            0.18897242844104767,
            -0.14925502240657806,
            0.02576446533203125,
            0.08239695429801941,
            -0.16427719593048096,
            -0.053408656269311905
        ]
    ],
    "expression": [
        [
            0.00048678554594516754,
            0.0006532969418913126,
            -0.15893666446208954,
            0.03912258520722389,
            -0.01264544390141964,
            -0.026847466826438904,
            -0.04314785823225975,
            0.03433248773217201,
            -0.021249990910291672,
            0.006266678683459759
        ]
    ],
    "transl": [
        [
            0.016251301392912865,
            0.25858184695243835,
            44.947113037109375
        ]
    ]
}