{
    "global_orient": [
        [
            -3.0441019535064697,
            -0.03980651870369911,
            -0.0198296457529068
        ]
    ],
    "body_pose": [
        [
            0.06857618689537048,
            -0.013837595470249653,
            -0.015100453048944473
        ],
        [
            0.05171812325716019,
            0.001436796854250133,
            0.030107615515589714
        ],
        [
            0.06407810002565384,
            0.001556146307848394,
            -0.009190484881401062
        ],
        [
            0.04186057299375534,
            -0.05903831869363785,
            0.020295558497309685
        ],
        [
            0.05587764084339142,
            0.04654020443558693,
            0.003161313245072961
        ],
        [
            -0.04483727738261223,
            -0.0037277566734701395,
            -0.008106949739158154
        ],
        [
            -0.14391778409481049,
            0.15386135876178741,
            0.0008383209351450205
        ],
        [
            -0.13736985623836517,
            -0.14275658130645752,
            -0.011090905405580997
        ],
        [
            0.05493065342307091,
            0.00094205467030406,
            -0.002697798889130354
        ],
        [
            -0.009362184442579746,
            0.006363514345139265,
            0.005867687985301018
        ],
        [
            -0.011580557562410831,
            -0.006694240961223841,
            0.005954465363174677
        ],
        [
            -0.10295340418815613,
            0.004580012056976557,
            0.03015756793320179
        ],
        [
            0.008511141873896122,
            0.01434263028204441,
            -0.2165229171514511
        ],
        [
            0.014826533384621143,
            0.00032801550696603954,
            0.2822973132133484
        ],
        [
            0.011639762669801712,
            -0.020852820947766304,
            -0.04024100676178932
        ],
        [
            0.028979787603020668,
            -0.1432017832994461,
            -0.7713585495948792
        ],
        [
            0.03476724401116371,
            0.11543872952461243,
            0.7728071808815002
        ],
        [
            0.026123538613319397,
            -0.0679219663143158,
            -0.03576340526342392
        ],
        [
            0.01999701000750065,
            0.0569850392639637,
            -0.0025749029591679573
        ],
        [
            -0.010132677853107452,
            0.025055216625332832,
            0.2832900285720825
        ],
        [
            -0.0018672971054911613,
            -0.010320926085114479,
            -0.2714032828807831
        ]
    ],
    "left_hand_pose": [
        [
            -0.039845071732997894,
            0.04647145792841911,
            0.08015874773263931
        ],
        [
            0.04994808882474899,
            -0.013112732209265232,
            0.2994895875453949
        ],
        [
            -0.04321812838315964,
            0.019408615306019783,
            0.3561590313911438
        ],
        [
            0.013931069523096085,
            -0.07147224992513657,
            0.054473262280225754
        ],
        [
            0.07486450672149658,
            0.04251477122306824,
            0.524337649345398
        ],
        [
            0.03897866979241371,
            0.01663922145962715,
            0.323707640171051
        ],
        [
            0.27483612298965454,
            -0.032369453459978104,
            0.27310988306999207
        ],
        [
            0.18762508034706116,
            0.14628085494041443,
            0.26831725239753723
        ],
        [
            0.15597744286060333,
            0.053537171334028244,
            0.22000102698802948
        ],
        [
            0.11544964462518692,
            -0.07836093753576279,
            0.19852197170257568
        ],
        [
            0.10334926098585129,
            0.04956924915313721,
            0.5650128722190857
        ],
        [
            0.0542166568338871,
            0.052134204655885696,
            0.2746734917163849
        ],
        [
            -0.12423309683799744,
            0.02451312355697155,
            0.06162253022193909
        ],
        [
            0.04811371862888336,
            0.08880020678043365,
            0.08932735025882721
        ],
        [
            -0.09549642354249954,
            -0.1986079216003418,
            0.029837019741535187
        ]
    ],
    "right_hand_pose": [
        [
            -0.07056683301925659,
            -0.04730082303285599,
            -0.12130776792764664
        ],
        [
            0.05532359331846237,
            -0.007831967435777187,
            -0.32102450728416443
        ],
        [
            -0.032378725707530975,
            -0.018166106194257736,
            -0.3537582755088806
        ],
        [
            0.0028491972479969263,
            0.08727084845304489,
            -0.024468207731842995
        ],
        [
            0.08340223878622055,
            -0.04481034725904465,
            -0.5941975712776184
        ],
        [
            0.03971017152070999,
            -0.026657238602638245,
            -0.3143691420555115
        ],
        [
            0.24401125311851501,
            0.10476529598236084,
            -0.17903217673301697
        ],
        [
            0.19998224079608917,
            -0.17142045497894287,
            -0.2894614636898041
        ],
        [
            0.16223202645778656,
            -0.06352796405553818,
            -0.22611504793167114
        ],
        [
            0.134795680642128,
            0.11895199865102768,
            -0.15231537818908691
        ],
        [
            0.09916718304157257,
            -0.050898708403110504,
            -0.6225451827049255
        ],
        [
            0.060117337852716446,
            -0.06548678874969482,
            -0.2742367684841156
        ],
        [
            -0.28455254435539246,
            -0.011053113266825676,
            -0.1973368227481842
        ],
        [
            0.040361616760492325,
            -0.0951911211013794,
            -0.035627786070108414
        ],
        [
            -0.12329389154911041,
            0.20283518731594086,
            -0.10775203257799149
        ]
    ],
    "jaw_pose": [
        [
            -0.0002520695561543107,
            -0.0014667479554191232,
            -0.002836693776771426
        ]
    ],
    "leye_pose": [
        [
            0.0,
            0.0,
            0.0
        ]
    ],
    "reye_pose": [
        [
            0.0,
            0.0,
            0.0
        ]
    ],
    "betas": [
        [
            -0.8634887933731079,
            -0.30045798420906067,
            0.602202296257019,
            -0.4550163745880127,
            -0.44925108551979065,
            0.13243699073791504,
            0.2422947883605957,
            0.09692443907260895,
            0.37634047865867615,
            0.08708824962377548
        ]
    ],
    "expression": [
        [
            0.013315457850694656,
            0.0312776081264019,
            -0.07167749851942062,
            -0.010053949430584908,
            0.000674830749630928,
            -0.019406678155064583,
            -0.020114708691835403,
            0.020226703956723213,
            -0.00638746190816164,
            -0.01004320103675127
        ]
    ],
    "transl": [
        [
            0.009035954251885414,
            0.3140242099761963,
            38.595523834228516
        ]
    ]
}