{
    "global_orient": [
        [
            -2.9273135662078857,
            -0.023008272051811218,
            -0.05684691295027733
        ]
    ],
    "body_pose": [
        [
            -0.020483439788222313,
            -0.0012785336002707481,
            0.03283962607383728
        ],
        [
            -0.02967992052435875,
            -0.007268023677170277,
            -0.02834796905517578
        ],
        [
            0.06926744431257248,
            0.002912981668487191,
            -0.013987038284540176
        ],
        [
            0.308368057012558,
            -0.047590743750333786,
            0.016721218824386597
        ],
        [
            0.29501083493232727,
            0.05053527653217316,
            0.007820128463208675
        ],
        [
            -0.0840865969657898,
            0.002063501626253128,
            -0.007729364559054375
        ],
        [
            -0.14922598004341125,
            0.11979973316192627,
            0.009140859358012676
        ],
        [
            -0.14089041948318481,
            -0.10801132023334503,
            -0.02880420908331871
        ],
        [
            0.09079542756080627,
            -0.005370054394006729,
            -0.0006823015282861888
        ],
        [
            -0.01750544086098671,
            0.00626806914806366,
            -0.00525630172342062
        ],
        [
            -0.022815752774477005,
            -0.007386503741145134,
            0.012828858569264412
        ],
        [
            -0.1524471491575241,
            -0.03138919547200203,
            0.10134726017713547
        ],
        [
            0.0030261462088674307,
            0.017803855240345,
            -0.19297827780246735
        ],
        [
            0.00859756488353014,
            0.007770531345158815,
            0.27763086557388306
        ],
        [
            0.017055723816156387,
            -0.02202845923602581,
            -0.053630005568265915
        ],
        [
            0.007553966715931892,
            -0.15015706419944763,
            -0.7221097946166992
        ],
        [
            -0.022825190797448158,
            0.13468295335769653,
            0.7144224047660828
        ],
        [
            -0.13810105621814728,
            -0.14306484162807465,
            0.002037080004811287
        ],
        [
            -0.16317503154277802,
            0.1314065307378769,
            -0.06482207030057907
        ],
        [
            -0.12656386196613312,
            0.0395720899105072,
            0.2981923520565033
        ],
        [
            -0.07220958918333054,
            -0.053139280527830124,
            -0.3125205338001251
        ]
    ],
    "left_hand_pose": [
        [
            -0.06322690099477768,
            0.062201324850320816,
            0.1011194959282875
        ],
        [
            0.08232967555522919,
            -0.011431126855313778,
            0.23058100044727325
        ],
        [
            -0.05093620344996452,
            0.017159583047032356,
            0.33928436040878296
        ],
        [
            -0.03955981880426407,
            -0.07983876019716263,
            0.07537239789962769
        ],
        [
            0.07005348056554794,
            0.0518430694937706,
            0.5164795517921448
        ],
        [
            0.03937071934342384,
            0.011363191530108452,
            0.2956552505493164
        ],
        [
            0.28338733315467834,
            -0.0862230658531189,
            0.33396196365356445
        ],
        [
            0.1674998551607132,
            0.13621538877487183,
            0.25112590193748474
        ],
        [
            0.14631447196006775,
            0.05554096773266792,
            0.18090946972370148
        ],
        [
            0.09657163172960281,
            -0.1250470131635666,
            0.2735050916671753
        ],
        [
            0.06007310003042221,
            0.029872911050915718,
            0.5722378492355347
        ],
        [
            0.045312076807022095,
            0.06805216521024704,
            0.23574018478393555
        ],
        [
            -0.18041308224201202,
            0.005620645359158516,
            0.10327662527561188
        ],
        [
            0.03750517964363098,
            0.05803894251585007,
            0.08651438355445862
        ],
        [
            -0.07963386923074722,
            -0.2000630497932434,
            0.055011242628097534
        ]
    ],
    "right_hand_pose": [
        [
            -0.07102490961551666,
            -0.035327740013599396,
            -0.15194077789783478
        ],
        [
            0.04122534021735191,
            -0.0003842063306365162,
            -0.3438299596309662
        ],
        [
            -0.025765564292669296,
            -0.026383601129055023,
            -0.32988792657852173
        ],
        [
            0.017925653606653214,
            0.09563515335321426,
            -0.1716747134923935
        ],
        [
            0.07565679401159286,
            -0.02807362750172615,
            -0.5942448377609253
        ],
        [
            0.03333716467022896,
            -0.01980779506266117,
            -0.31746846437454224
        ],
        [
            0.37322741746902466,
            0.08371420949697495,
            -0.3575374186038971
        ],
        [
            0.16783517599105835,
            -0.14318586885929108,
            -0.2983018159866333
        ],
        [
            0.16386228799819946,
            -0.05283466726541519,
            -0.23970776796340942
        ],
        [
            0.1379711925983429,
            0.09620218724012375,
            -0.32246267795562744
        ],
        [
            0.09361355006694794,
            -0.04035015404224396,
            -0.6337113976478577
        ],
        [
            0.0492582768201828,
            -0.05921159312129021,
            -0.2760188579559326
        ],
        [
            -0.2495506852865219,
            0.0724390521645546,
            -0.11843495815992355
        ],
        [
            0.04164337366819382,
            -0.029272044077515602,
            -0.04902582988142967
        ],
        [
            -0.09472023695707321,
            0.15646734833717346,
            -0.10045862942934036
        ]
    ],
    "jaw_pose": [
        [
            0.002555974991992116,
            -0.0021852231584489346,
            -0.0030183587223291397
        ]
    ],
    "leye_pose": [
        [
            0.0,
            0.0,
            0.0
        ]
    ],
    "reye_pose": [
        [
            0.0,
            0.0,
            0.0
        ]
    ],
    "betas": [
        [
            -0.6083077192306519,
            0.3792644441127777,
            1.144364595413208,
            0.007414612919092178,
            -0.27432700991630554,
            -0.1319866180419922,
            0.2889668047428131,
            -0.0522877462208271,
            0.05553727224469185,
            -0.02013642154633999
        ]
    ],
    "expression": [
        [
            0.001110527664422989,
            0.015715235844254494,
            -0.08355599641799927,
            -0.009545225650072098,
            -0.010569621808826923,
            -0.040094032883644104,
            -0.03294606879353523,
            0.030522575601935387,
            -0.0037149244453758,
            -0.0064997198060154915
        ]
    ],
    "transl": [
        [
            0.004679327830672264,
            0.3187389671802521,
            39.167537689208984
        ]
    ]
}