{
    "global_orient": [
        [
            -2.979137420654297,
            -0.02210344560444355,
            0.017875051125884056
        ]
    ],
    "body_pose": [
        [
            0.04815420135855675,
            -0.0031357710249722004,
            0.006500428542494774
        ],
        [
            0.03193454071879387,
            -0.037437114864587784,
            -0.016803819686174393
        ],
        [
            0.05338102951645851,
            0.001535997842438519,
            -0.002146786078810692
        ],
        [
            0.03230372816324234,
            -0.07614386826753616,
            0.03198128566145897
        ],
        [
            0.09691961854696274,
            0.03997010737657547,
            -0.005829408764839172
        ],
        [
            -0.032165590673685074,
            -0.002822772366926074,
            -0.007199252489954233
        ],
        [
            -0.08645382523536682,
            0.15634196996688843,
            -0.024441929534077644
        ],
        [
            -0.09108859300613403,
            -0.17272645235061646,
            1.3151273378753103e-05
        ],
        [
            0.0626688227057457,
            0.008761513978242874,
            -0.0036217018496245146
        ],
        [
            -0.009482822380959988,
            0.0015933630056679249,
            0.008128629997372627
        ],
        [
            -0.014394279569387436,
            -0.002480244729667902,
            0.0036936092656105757
        ],
        [
            -0.07531445473432541,
            -0.005893296096473932,
            0.031080201268196106
        ],
        [
            0.007560985628515482,
            -0.04996893182396889,
            -0.23933912813663483
        ],
        [
            0.010640674270689487,
            0.09763408452272415,
            0.274261474609375
        ],
        [
            0.08504048734903336,
            -0.017825670540332794,
            -0.042229682207107544
        ],
        [
            0.04056311398744583,
            -0.20400914549827576,
            -0.7841626405715942
        ],
        [
            0.029537765309214592,
            0.2186775952577591,
            0.7448922991752625
        ],
        [
            -0.02049318514764309,
            -0.10759307444095612,
            -0.02651205100119114
        ],
        [
            -0.0073369876481592655,
            0.0692211389541626,
            0.0074418047443032265
        ],
        [
            -0.05287415161728859,
            -0.028337419033050537,
            0.49620428681373596
        ],
        [
            -0.003746069734916091,
            0.016535500064492226,
            -0.4303574860095978
        ]
    ],
    "left_hand_pose": [
        [
            -0.04271039739251137,
            0.048847511410713196,
            0.20663480460643768
        ],
        [
            0.013928833417594433,
            0.01367403194308281,
            0.38271793723106384
        ],
        [
            -0.005450268741697073,
            0.04206743836402893,
            0.2814708352088928
        ],
        [
            0.08733175694942474,
            -0.04179934412240982,
            0.20989036560058594
        ],
        [
            0.06481310725212097,
            0.02730586938560009,
            0.6165779232978821
        ],
        [
            0.02059551700949669,
            0.02288813702762127,
            0.323963463306427
        ],
        [
            0.40231916308403015,
            0.04059281945228577,
            0.3405875563621521
        ],
        [
            0.16785404086112976,
            0.16737456619739532,
            0.32575759291648865
        ],
        [
            0.16287165880203247,
            0.025981536135077477,
            0.24048872292041779
        ],
        [
            0.18665364384651184,
            0.0045165871270000935,
            0.3795148730278015
        ],
        [
            0.12898144125938416,
            0.06939215958118439,
            0.6395527720451355
        ],
        [
            0.056092411279678345,
            0.0395641103386879,
            0.2884764075279236
        ],
        [
            -0.26285794377326965,
            -0.07635188102722168,
            0.11120142042636871
        ],
        [
            0.03603536635637283,
            0.026402199640870094,
            -0.011224334128201008
        ],
        [
            -0.06788617372512817,
            -0.08978625386953354,
            0.06556597352027893
        ]
    ],
    "right_hand_pose": [
        [
            -0.07565203309059143,
            -0.09728725999593735,
            -0.18347544968128204
        ],
        [
            0.04759856313467026,
            -0.029645351693034172,
            -0.37120598554611206
        ],
        [
            0.008744241669774055,
            -0.0326814167201519,
            -0.31404414772987366
        ],
        [
            0.045305248349905014,
            0.03798568993806839,
            -0.006509625352919102
        ],
        [
            0.08000893890857697,
            -0.05051656439900398,
            -0.691809892654419
        ],
        [
            0.02816404215991497,
            -0.04164710268378258,
            -0.30929112434387207
        ],
        [
            0.358399897813797,
            0.07236775010824203,
            -0.1604892909526825
        ],
        [
            0.121178537607193,
            -0.16367733478546143,
            -0.30167827010154724
        ],
        [
            0.1927563101053238,
            -0.029073020443320274,
            -0.17836619913578033
        ],
        [
            0.16958634555339813,
            0.07137978076934814,
            -0.11512234061956406
        ],
        [
            0.09645628929138184,
            -0.05655866488814354,
            -0.6621645092964172
        ],
        [
            0.054271623492240906,
            -0.07284007221460342,
            -0.2790060341358185
        ],
        [
            -0.3952677249908447,
            -0.044310033321380615,
            -0.2822422683238983
        ],
        [
            0.059975504875183105,
            -0.13662086427211761,
            0.026880567893385887
        ],
        [
            -0.18810178339481354,
            0.19181349873542786,
            -0.19160963594913483
        ]
    ],
    "jaw_pose": [
        [
            -0.002076230477541685,
            -0.0030729954596608877,
            -0.0015896924305707216
        ]
    ],
    "leye_pose": [
        [
            0.0,
            0.0,
            0.0
        ]
    ],
    "reye_pose": [
        [
            0.0,
            0.0,
            0.0
        ]
    ],
    "betas": [
        [
            -0.9813889861106873,
            -0.30489346385002136,
            0.6888352632522583,
            -0.4303702414035797,
            -0.3892078399658203,
            0.024316275492310524,
            0.2900402545928955,
            0.03265618905425072,
            0.26983678340911865,
            0.035382043570280075
        ]
    ],
    "expression": [
        [
            0.0010899342596530914,
            0.01858195848762989,
            -0.04902677610516548,
            -0.00823611207306385,
            -0.007464834488928318,
            -0.028026657178997993,
            -0.01633620448410511,
            0.023168817162513733,
            -0.004126313142478466,
            -0.005502504296600819
        ]
    ],
    "transl": [
        [
            0.0031723827123641968,
            0.3029991686344147,
            39.30220413208008
        ]
    ]
}