{
    "global_orient": [
        [
            -2.987898111343384,
            -0.06844944506883621,
            0.1736382246017456
        ]
    ],
    "body_pose": [
        [
            -0.11146988719701767,
            -0.03896993771195412,
            0.021576574072241783
        ],
        [
            -0.06034857779741287,
            0.023564815521240234,
            0.0034809899516403675
        ],
        [
            0.15456250309944153,
            0.010761008597910404,
            -0.01701902039349079
        ],
        [
            0.25130313634872437,
            -0.05891413241624832,
            0.005906271282583475
        ],
        [
            0.25754261016845703,
            0.06289452314376831,
            0.025525037199258804
        ],
        [
            -0.08044623583555222,
            -0.003775410121306777,
            -0.010456958785653114
        ],
        [
            -0.18192997574806213,
            0.12776383757591248,
            0.030402155593037605
        ],
        [
            -0.2070888876914978,
            -0.1234484538435936,
            -0.051070839166641235
        ],
        [
            0.06679701805114746,
            -0.0020667484495788813,
            0.00032314108102582395
        ],
        [
            -0.012683792971074581,
            -0.00013664772268384695,
            -0.01894368976354599
        ],
        [
            -0.021020065993070602,
            -0.0023182774893939495,
            0.019165989011526108
        ],
        [
            -0.07190752029418945,
            -0.019443832337856293,
            0.12062550336122513
        ],
        [
            -0.012955536134541035,
            -0.011032724753022194,
            -0.14630109071731567
        ],
        [
            -0.01043395884335041,
            0.04485781490802765,
            0.24370746314525604
        ],
        [
            0.02052905224263668,
            -0.0022019604220986366,
            -0.05542625114321709
        ],
        [
            -0.02372000738978386,
            -0.1212659627199173,
            -0.585523247718811
        ],
        [
            -0.02768862247467041,
            0.12450405210256577,
            0.5778470039367676
        ],
        [
            -0.12209172546863556,
            -0.1567336618900299,
            0.0026991544291377068
        ],
        [
            -0.09294259548187256,
            0.1567196547985077,
            -0.030985964462161064
        ],
        [
            -0.11434092372655869,
            -0.010948865674436092,
            0.2822338342666626
        ],
        [
            -0.06830817461013794,
            0.023912381380796432,
            -0.25348594784736633
        ]
    ],
    "left_hand_pose": [
        [
            -0.040412597358226776,
            0.03698679432272911,
            0.11277812719345093
        ],
        [
            0.05178814008831978,
            0.009516295045614243,
            0.3032650947570801
        ],
        [
            -0.026456624269485474,
            0.03006144054234028,
            0.3197653591632843
        ],
        [
            0.031203215941786766,
            -0.0604289248585701,
            0.07402896881103516
        ],
        [
            0.05891032889485359,
            0.034775733947753906,
            0.5010013580322266
        ],
        [
            0.03259926661849022,
            0.018575331196188927,
            0.2866353988647461
        ],
        [
            0.25213080644607544,
            -0.023841125890612602,
            0.2553168535232544
        ],
        [
            0.18813782930374146,
            0.14427398145198822,
            0.23734211921691895
        ],
        [
            0.1384568214416504,
            0.06057218462228775,
            0.22922156751155853
        ],
        [
            0.11942058801651001,
            -0.05560801178216934,
            0.2141680121421814
        ],
        [
            0.09547699987888336,
            0.04502721130847931,
            0.5525550842285156
        ],
        [
            0.051959458738565445,
            0.052232299000024796,
            0.2531120777130127
        ],
        [
            -0.22049091756343842,
            -0.00267652771435678,
            0.09997247159481049
        ],
        [
            0.034819699823856354,
            0.041620854288339615,
            0.06342539191246033
        ],
        [
            -0.08495904505252838,
            -0.13734033703804016,
            0.0629076361656189
        ]
    ],
    "right_hand_pose": [
        [
            -0.062295347452163696,
            -0.019193921238183975,
            -0.23872728645801544
        ],
        [
            0.02449863590300083,
            0.0006039142608642578,
            -0.31993645429611206
        ],
        [
            -0.007314461283385754,
            -0.023591868579387665,
            -0.26435381174087524
        ],
        [
            -0.03923999145627022,
            0.09084776043891907,
            -0.19243791699409485
        ],
        [
            0.061305806040763855,
            -0.025584224611520767,
            -0.5046313405036926
        ],
        [
            0.03343874216079712,
            -0.015081549994647503,
            -0.26582813262939453
        ],
        [
            0.23370373249053955,
            0.0990571528673172,
            -0.30703604221343994
        ],
        [
            0.2337050884962082,
            -0.1542106717824936,
            -0.2809165418148041
        ],
        [
            0.10353578627109528,
            -0.058436959981918335,
            -0.23331820964813232
        ],
        [
            0.08980049937963486,
            0.11407777667045593,
            -0.3364656865596771
        ],
        [
            0.06807510554790497,
            -0.037714019417762756,
            -0.5777471661567688
        ],
        [
            0.03822953253984451,
            -0.05259458348155022,
            -0.2403474748134613
        ],
        [
            -0.25290584564208984,
            0.036376576870679855,
            -0.15984278917312622
        ],
        [
            0.008227083832025528,
            -0.02483871579170227,
            -0.06297366321086884
        ],
        [
            -0.06294236332178116,
            0.12269722670316696,
            -0.09542293846607208
        ]
    ],
    "jaw_pose": [
        [
            0.0022364126052707434,
            -0.0027381903491914272,
            -0.004190526902675629
        ]
    ],
    "leye_pose": [
        [
            0.0,
            0.0,
            0.0
        ]
    ],
    "reye_pose": [
        [
            0.0,
            0.0,
            0.0
        ]
    ],
    "betas": [
        [
            -0.7170228958129883,
            1.1882420778274536,
            1.2861398458480835,
            -0.2066131979227066,
            -0.4011116325855255,
            -0.00325326481834054,
            0.41592133045196533,
            -0.08806565403938293,
            0.08684136718511581,
            -0.016238940879702568
        ]
    ],
    "expression": [
        [
            0.015644336119294167,
            0.032186564058065414,
            -0.12725399434566498,
            0.014565914869308472,
            -0.014507933519780636,
            -0.033905334770679474,
            -0.04187009856104851,
            0.03167432174086571,
            -0.014942668378353119,
            -0.00722916517406702
        ]
    ],
    "transl": [
        [
            -0.022382766008377075,
            0.32316336035728455,
            38.21062469482422
        ]
    ]
}