{
    "global_orient": [
        [
            -2.9522452354431152,
            -0.034353576600551605,
            0.16527768969535828
        ]
    ],
    "body_pose": [
        [
            0.047119658440351486,
            0.003446080954745412,
            -0.022475270554423332
        ],
        [
            -0.028666192665696144,
            0.01220597792416811,
            0.03804059699177742
        ],
        [
            0.038527749478816986,
            -0.009388435631990433,
            -0.027396827936172485
        ],
        [
            0.20667587220668793,
            -0.05037170276045799,
            0.012918435037136078
        ],
        [
            0.19582374393939972,
            0.05055111274123192,
            0.022117583081126213
        ],
        [
            -0.10457335412502289,
            -0.0026482711546123028,
            -0.009167521260678768
        ],
        [
            -0.158734530210495,
            0.1443682461977005,
            0.03933335468173027
        ],
        [
            -0.13775068521499634,
            -0.1400361806154251,
            -0.05298030003905296
        ],
        [
            0.11217569559812546,
            -0.013029202818870544,
            -0.003762967884540558
        ],
        [
            -0.004632714670151472,
            0.0032995000947266817,
            -0.03461392596364021
        ],
        [
            -0.006157902535051107,
            -0.006487278267741203,
            0.025362767279148102
        ],
        [
            -0.08563512563705444,
            -0.026895606890320778,
            0.15502552688121796
        ],
        [
            -0.015808861702680588,
            0.10490988194942474,
            -0.09923963993787766
        ],
        [
            -0.015670569613575935,
            -0.09424185007810593,
            0.21082204580307007
        ],
        [
            0.08908862620592117,
            0.007816696539521217,
            -0.06769168376922607
        ],
        [
            -0.09460274875164032,
            -0.01288297027349472,
            -0.44195276498794556
        ],
        [
            -0.10384082794189453,
            -0.01592644304037094,
            0.39644816517829895
        ],
        [
            -0.18536162376403809,
            0.013149948790669441,
            0.03617672622203827
        ],
        [
            -0.1825181394815445,
            0.00017053642659448087,
            -0.07440867274999619
        ],
        [
            -0.05742187798023224,
            0.043167296797037125,
            0.49387669563293457
        ],
        [
            0.0018285653786733747,
            -0.03370635583996773,
            -0.4089668393135071
        ]
    ],
    "left_hand_pose": [
        [
            -0.01945514976978302,
            0.016707250848412514,
            0.30935025215148926
        ],
        [
            -0.05903322249650955,
            -0.007906537503004074,
            0.4269869327545166
        ],
        [
            0.026025034487247467,
            0.06908154487609863,
            0.22979645431041718
        ],
        [
            0.06060466170310974,
            -0.07846839725971222,
            0.38935965299606323
        ],
        [
            0.04689270257949829,
            0.016114477068185806,
            0.5417136549949646
        ],
        [
            0.021778468042612076,
            0.024004211649298668,
            0.4053739011287689
        ],
        [
            0.5506739020347595,
            -0.0008496063528582454,
            0.6396976709365845
        ],
        [
            0.10934664309024811,
            0.12652717530727386,
            0.2864544093608856
        ],
        [
            0.174429252743721,
            0.03881397843360901,
            0.24614153802394867
        ],
        [
            0.15596462786197662,
            -0.04343853518366814,
            0.5356168150901794
        ],
        [
            0.1481938660144806,
            0.07290326058864594,
            0.5796579718589783
        ],
        [
            0.06664951890707016,
            0.018983187153935432,
            0.3771607577800751
        ],
        [
            -0.06929434835910797,
            -0.00941637996584177,
            -0.020637458190321922
        ],
        [
            0.06413570791482925,
            0.09237170219421387,
            0.10300114750862122
        ],
        [
            -0.07290220260620117,
            -0.12434929609298706,
            -0.009071458131074905
        ]
    ],
    "right_hand_pose": [
        [
            -0.047345101833343506,
            -0.05466591566801071,
            -0.29129457473754883
        ],
        [
            -0.0124873798340559,
            -0.011530456133186817,
            -0.39718297123908997
        ],
        [
            0.013785192742943764,
            -0.041047949343919754,
            -0.2794457972049713
        ],
        [
            0.032923370599746704,
            0.0822971984744072,
            -0.19581098854541779
        ],
        [
            0.07132332772016525,
            -0.03331896290183067,
            -0.5703122019767761
        ],
        [
            0.028631223365664482,
            -0.029430100694298744,
            -0.34705448150634766
        ],
        [
            0.391836553812027,
            0.09422247111797333,
            -0.3652207553386688
        ],
        [
            0.10861630737781525,
            -0.14418324828147888,
            -0.2755140960216522
        ],
        [
            0.1363043487071991,
            -0.03996124118566513,
            -0.19779174029827118
        ],
        [
            0.14068283140659332,
            0.10779299587011337,
            -0.2781408429145813
        ],
        [
            0.09866540133953094,
            -0.03934822231531143,
            -0.5730795860290527
        ],
        [
            0.053693726658821106,
            -0.0519615039229393,
            -0.3257569372653961
        ],
        [
            -0.20851536095142365,
            -0.06125635653734207,
            -0.11336033046245575
        ],
        [
            0.04557258263230324,
            -0.07398902624845505,
            -0.03791997954249382
        ],
        [
            -0.060101673007011414,
            0.11808745563030243,
            -0.028744734823703766
        ]
    ],
    "jaw_pose": [
        [
            0.0052194311283528805,
            -0.002773337299004197,
            -0.0034156511537730694
        ]
    ],
    "leye_pose": [
        [
            0.0,
            0.0,
            0.0
        ]
    ],
    "reye_pose": [
        [
            0.0,
            0.0,
            0.0
        ]
    ],
    "betas": [
        [
            -0.7457879781723022,
            0.3739313781261444,
            1.170119047164917,
            0.07534159719944,
            -0.14156284928321838,
            0.02939085103571415,
            0.4075225293636322,
            -0.02138805016875267,
            0.26706334948539734,
            0.0312686562538147
        ]
    ],
    "expression": [
        [
            0.011248137801885605,
            0.00934896431863308,
            -0.10043477267026901,
            -0.009500632993876934,
            -0.0030150357633829117,
            -0.04206196963787079,
            -0.042420923709869385,
            0.030773324891924858,
            -0.004538003355264664,
            -0.013394358567893505
        ]
    ],
    "transl": [
        [
            -0.04259966313838959,
            0.3528893291950226,
            42.048606872558594
        ]
    ]
}