{
    "global_orient": [
        [
            -3.0801138877868652,
            -0.012127626687288284,
            -0.1094672903418541
        ]
    ],
    "body_pose": [
        [
            0.00618559867143631,
            0.0022185933776199818,
            -0.0066243186593055725
        ],
        [
            -0.05759940296411514,
            0.011006449349224567,
            0.011789102107286453
        ],
        [
            0.12724463641643524,
            -0.004681019578129053,
            -0.0046986001543700695
        ],
        [
            0.07124951481819153,
            -0.05615067109465599,
            0.018605748191475868
        ],
        [
            0.17497102916240692,
            0.047717172652482986,
            0.00499299680814147
        ],
        [
            -0.083842933177948,
            -0.00014818808995187283,
            -0.014025886543095112
        ],
        [
            -0.15771353244781494,
            0.1473686546087265,
            0.011065579019486904
        ],
        [
            -0.1285262405872345,
            -0.11735889315605164,
            -0.0174366757273674
        ],
        [
            0.09656506776809692,
            0.003247757675126195,
            -0.009113187901675701
        ],
        [
            -0.01753961108624935,
            0.004903045017272234,
            -0.0005088381003588438
        ],
        [
            -0.02879580296576023,
            -0.0029066489078104496,
            0.011870755814015865
        ],
        [
            -0.05978823080658913,
            -0.03309096768498421,
            0.005636284593492746
        ],
        [
            -0.016171082854270935,
            0.03915302827954292,
            -0.12394208461046219
        ],
        [
            -0.01638476364314556,
            -0.023916326463222504,
            0.16967377066612244
        ],
        [
            0.0608566552400589,
            -0.08011192828416824,
            -0.026087889447808266
        ],
        [
            -0.05548369511961937,
            -0.1321195513010025,
            -0.673599123954773
        ],
        [
            -0.04617900773882866,
            0.07973803579807281,
            0.6484143137931824
        ],
        [
            -0.12725940346717834,
            -0.17440570890903473,
            0.06632377952337265
        ],
        [
            -0.0970497578382492,
            0.12555691599845886,
            -0.05818571522831917
        ],
        [
            -0.06826695799827576,
            0.043413180857896805,
            0.36645233631134033
        ],
        [
            -0.061006445437669754,
            -0.04659329727292061,
            -0.2494894564151764
        ]
    ],
    "left_hand_pose": [
        [
            -0.06507618725299835,
            0.044573038816452026,
            0.26558929681777954
        ],
        [
            -0.01408100500702858,
            0.02071748673915863,
            0.49925974011421204
        ],
        [
            0.024134192615747452,
            0.059994008392095566,
            0.2970852255821228
        ],
        [
            0.1181192472577095,
            -0.0902748554944992,
            0.22773252427577972
        ],
        [
            0.059671107679605484,
            0.0152636943385005,
            0.7147042751312256
        ],
        [
            0.015597295016050339,
            0.04241222143173218,
            0.39491596817970276
        ],
        [
            0.5413714051246643,
            0.0014700384344905615,
            0.4687482416629791
        ],
        [
            0.09191745519638062,
            0.16841444373130798,
            0.34303656220436096
        ],
        [
            0.23846784234046936,
            0.00882631167769432,
            0.24095985293388367
        ],
        [
            0.22576721012592316,
            -0.0443585142493248,
            0.4186072051525116
        ],
        [
            0.14100393652915955,
            0.06649886816740036,
            0.6762186288833618
        ],
        [
            0.07018942385911942,
            0.05195283517241478,
            0.35707736015319824
        ],
        [
            -0.36508211493492126,
            -0.0699324682354927,
            0.16311265528202057
        ],
        [
            0.06180768832564354,
            0.06911077350378036,
            -0.033851150423288345
        ],
        [
            -0.16069579124450684,
            -0.15433019399642944,
            0.18408435583114624
        ]
    ],
    "right_hand_pose": [
        [
            -0.06522465497255325,
            -0.03781707212328911,
            -0.20229266583919525
        ],
        [
            0.01738988608121872,
            -0.013062434270977974,
            -0.39078187942504883
        ],
        [
            0.019142789766192436,
            -0.03907160088419914,
            -0.31056398153305054
        ],
        [
            0.032432056963443756,
            0.07256846874952316,
            -0.056266896426677704
        ],
        [
            0.0743502676486969,
            -0.032104574143886566,
            -0.6235787868499756
        ],
        [
            0.03322979062795639,
            -0.03347804769873619,
            -0.3124050498008728
        ],
        [
            0.2429952174425125,
            0.06793022155761719,
            -0.1980995386838913
        ],
        [
            0.14773797988891602,
            -0.14982137084007263,
            -0.2809482216835022
        ],
        [
            0.1688048392534256,
            -0.03421210125088692,
            -0.20747388899326324
        ],
        [
            0.1272002011537552,
            0.09650950878858566,
            -0.17551995813846588
        ],
        [
            0.11126640439033508,
            -0.044685669243335724,
            -0.6228402256965637
        ],
        [
            0.05893664062023163,
            -0.04929004982113838,
            -0.28376504778862
        ],
        [
            -0.37007731199264526,
            0.028612390160560608,
            -0.2267245203256607
        ],
        [
            0.04228736460208893,
            -0.10987510532140732,
            0.004538445267826319
        ],
        [
            -0.1462329626083374,
            0.16833949089050293,
            -0.14175216853618622
        ]
    ],
    "jaw_pose": [
        [
            0.0033588444348424673,
            -0.0032814000733196735,
            -0.002681643469259143
        ]
    ],
    "leye_pose": [
        [
            0.0,
            0.0,
            0.0
        ]
    ],
    "reye_pose": [
        [
            0.0,
            0.0,
            0.0
        ]
    ],
    "betas": [
        [
            0.4692745804786682,
            0.11089006066322327,
            0.616652250289917,
            -0.44159969687461853,
            -0.13337258994579315,
            -0.044249795377254486,
            0.14829407632350922,
            0.15270119905471802,
            0.28603172302246094,
            -0.06393605470657349
        ]
    ],
    "expression": [
        [
            -0.0018161050975322723,
            0.014679284766316414,
            -0.07129433751106262,
            0.009045085869729519,
            -0.0013576848432421684,
            -0.02135218307375908,
            -0.017853152006864548,
            0.025201672688126564,
            -0.00501585379242897,
            -0.004461935721337795
        ]
    ],
    "transl": [
        [
            0.009272332303225994,
            0.30766481161117554,
            41.65290832519531
        ]
    ]
}