{
    "global_orient": [
        [
            -3.0055058002471924,
            -0.02466387115418911,
            0.08260979503393173
        ]
    ],
    "body_pose": [
        [
            -0.07671864330768585,
            -0.0031958725303411484,
            0.00909679289907217
        ],
        [
            -0.13535170257091522,
            0.005621321965008974,
            -0.017169248312711716
        ],
        [
            0.16611537337303162,
            -0.01011002715677023,
            -0.009325632825493813
        ],
        [
            0.1546057015657425,
            -0.0439794659614563,
            0.0007158821681514382
        ],
        [
            0.25388845801353455,
            0.03792478144168854,
            0.02421734295785427
        ],
        [
            -0.09525150805711746,
            -0.003146599978208542,
            -0.00819527730345726
        ],
        [
            -0.13496561348438263,
            0.13504533469676971,
            -0.0010039393091574311
        ],
        [
            -0.12023083865642548,
            -0.13962310552597046,
            -0.013528265058994293
        ],
        [
            0.10898498445749283,
            -0.008947283960878849,
            0.0011701206676661968
        ],
        [
            -0.01341301016509533,
            0.01086442917585373,
            -0.00424912478774786
        ],
        [
            -0.019133277237415314,
            -0.010942363180220127,
            0.015498088672757149
        ],
        [
            -0.1393851935863495,
            0.00125696521718055,
            0.08949976414442062
        ],
        [
            0.0041543119587004185,
            0.04678192362189293,
            -0.09326985478401184
        ],
        [
            0.019425086677074432,
            -0.05579141154885292,
            0.19279862940311432
        ],
        [
            0.006931303534656763,
            0.01015950832515955,
            -0.058547478169202805
        ],
        [
            -0.006096096243709326,
            -0.08483205735683441,
            -0.5997082591056824
        ],
        [
            -0.004472225904464722,
            0.021822089329361916,
            0.6143184900283813
        ],
        [
            -0.048732537776231766,
            -0.08374891430139542,
            -0.06062634661793709
        ],
        [
            -0.07014767080545425,
            0.07362057268619537,
            0.01174816396087408
        ],
        [
            -0.04917169362306595,
            0.06988908350467682,
            0.2116827368736267
        ],
        [
            -0.019702017307281494,
            -0.07398765534162521,
            -0.22814249992370605
        ]
    ],
    "left_hand_pose": [
        [
            -0.07378015667200089,
            0.10322210937738419,
            0.08273676782846451
        ],
        [
            0.07665341347455978,
            0.018079286441206932,
            0.11374706029891968
        ],
        [
            -0.03329385817050934,
            -0.03249513357877731,
            0.24645207822322845
        ],
        [
            -0.07488340139389038,
            -0.030495282262563705,
            -0.11759961396455765
        ],
        [
            0.07461541146039963,
            0.04296465590596199,
            0.4050421118736267
        ],
        [
            0.033203400671482086,
            0.004488958977162838,
            0.1618037074804306
        ],
        [
            0.07327460497617722,
            -0.1053425744175911,
            -0.007572086062282324
        ],
        [
            0.1492813527584076,
            0.11634059995412827,
            0.16264621913433075
        ],
        [
            0.08584616333246231,
            0.045752063393592834,
            0.07970527559518814
        ],
        [
            0.05355912074446678,
            -0.10622336715459824,
            -0.040911681950092316
        ],
        [
            0.018412237986922264,
            -0.010085155256092548,
            0.46634232997894287
        ],
        [
            0.009134558029472828,
            0.07559558004140854,
            0.12266223877668381
        ],
        [
            -0.31531310081481934,
            0.12097480893135071,
            0.2786165773868561
        ],
        [
            -0.0016020447947084904,
            0.07098150253295898,
            0.07900963723659515
        ],
        [
            -0.11469898372888565,
            -0.18027950823307037,
            0.14267678558826447
        ]
    ],
    "right_hand_pose": [
        [
            -0.06053676828742027,
            -0.11215651780366898,
            -0.23036877810955048
        ],
        [
            0.040974847972393036,
            -0.007195004262030125,
            -0.2843099534511566
        ],
        [
            -0.0005180813604965806,
            -0.021007947623729706,
            -0.2893207371234894
        ],
        [
            0.01669061928987503,
            0.04052754119038582,
            -0.059790804982185364
        ],
        [
            0.08616680651903152,
            -0.049955930560827255,
            -0.6438734531402588
        ],
        [
            0.030709559097886086,
            -0.026592183858156204,
            -0.3040119409561157
        ],
        [
            0.3372420370578766,
            0.0698915645480156,
            -0.23496991395950317
        ],
        [
            0.11528311669826508,
            -0.15588504076004028,
            -0.244018092751503
        ],
        [
            0.16406437754631042,
            -0.03981931507587433,
            -0.1432306170463562
        ],
        [
            0.15288636088371277,
            0.0783231183886528,
            -0.16665205359458923
        ],
        [
            0.08185949176549911,
            -0.0415109358727932,
            -0.6234071254730225
        ],
        [
            0.042214855551719666,
            -0.07466570287942886,
            -0.2484845072031021
        ],
        [
            -0.30105286836624146,
            -0.11272041499614716,
            -0.23009243607521057
        ],
        [
            0.040896326303482056,
            -0.10423503816127777,
            -0.029910070821642876
        ],
        [
            -0.1048503965139389,
            0.12226034700870514,
            -0.10515660047531128
        ]
    ],
    "jaw_pose": [
        [
            -0.0005288689280860126,
            -0.003129061544314027,
            -0.003326759207993746
        ]
    ],
    "leye_pose": [
        [
            0.0,
            0.0,
            0.0
        ]
    ],
    "reye_pose": [
        [
            0.0,
            0.0,
            0.0
        ]
    ],
    "betas": [
        [
            -0.7787107825279236,
            0.47224941849708557,
            1.3579425811767578,
            -0.27511700987815857,
            -0.6964955925941467,
            0.08039528131484985,
            0.3878079950809479,
            0.07483257353305817,
            0.25665783882141113,
            0.020077044144272804
        ]
    ],
    "expression": [
        [
            0.007937455549836159,
            0.020949173718690872,
            -0.05499770864844322,
            0.0002253290731459856,
            -0.007378739304840565,
            -0.030663613229990005,
            -0.01722465083003044,
            0.028848424553871155,
            -0.0058057913556694984,
            -0.0011922279372811317
        ]
    ],
    "transl": [
        [
            -0.02358933351933956,
            0.27871230244636536,
            40.84541320800781
        ]
    ]
}