{
    "global_orient": [
        [
            -2.9151315689086914,
            -0.029832137748599052,
            0.013845335692167282
        ]
    ],
    "body_pose": [
        [
            0.0569000169634819,
            0.0004974360927008092,
            -0.019428731873631477
        ],
        [
            -0.0056069414131343365,
            -0.0019442499615252018,
            0.027276812121272087
        ],
        [
            0.07109662145376205,
            -0.004660905804485083,
            -0.015916569158434868
        ],
        [
            0.07573439925909042,
            -0.03929857164621353,
            0.0368427149951458
        ],
        [
            0.15491153299808502,
            0.013546430505812168,
            -0.011542672291398048
        ],
        [
            -0.05785924568772316,
            -0.0011631979141384363,
            -0.009737081825733185
        ],
        [
            -0.06766466796398163,
            0.11452999711036682,
            -0.014845740981400013
        ],
        [
            -0.05895814299583435,
            -0.10998596251010895,
            0.0173732191324234
        ],
        [
            0.053928177803754807,
            -0.006237249821424484,
            -0.002032171469181776
        ],
        [
            -0.019314080476760864,
            0.003994089085608721,
            0.006471159402281046
        ],
        [
            -0.022853873670101166,
            -0.0023738890886306763,
            -0.005671347491443157
        ],
        [
            -0.14279694855213165,
            -0.02797805331647396,
            0.08533139526844025
        ],
        [
            0.005360931623727083,
            -0.03357786312699318,
            -0.21763254702091217
        ],
        [
            0.01599348708987236,
            0.04362824559211731,
            0.2677226960659027
        ],
        [
            -0.025260739028453827,
            0.00021848994947504252,
            -0.010784192010760307
        ],
        [
            0.003479268867522478,
            -0.23925532400608063,
            -0.8981072902679443
        ],
        [
            -0.0030616740696132183,
            0.19875046610832214,
            0.8817276954650879
        ],
        [
            -0.17434972524642944,
            -0.25286799669265747,
            0.08329883962869644
        ],
        [
            -0.16343684494495392,
            0.19794529676437378,
            -0.08841676265001297
        ],
        [
            -0.15408216416835785,
            0.0619158111512661,
            0.47204530239105225
        ],
        [
            -0.14180128276348114,
            -0.07548242807388306,
            -0.3556099534034729
        ]
    ],
    "left_hand_pose": [
        [
            0.026557639241218567,
            -0.030107013881206512,
            0.3795967102050781
        ],
        [
            -0.08795572817325592,
            0.011727538891136646,
            0.6067803502082825
        ],
        [
            0.03768649697303772,
            0.10787766426801682,
            0.2799379229545593
        ],
        [
            0.18787844479084015,
            -0.08077327907085419,
            0.5462154150009155
        ],
        [
            0.03265566751360893,
            0.0051492564380168915,
            0.5856407880783081
        ],
        [
            0.019847167655825615,
            0.03321312740445137,
            0.44713446497917175
        ],
        [
            0.5760553479194641,
            0.12156134843826294,
            0.643485963344574
        ],
        [
            0.2312757968902588,
            0.13751119375228882,
            0.3549022376537323
        ],
        [
            0.17705310881137848,
            0.05855264142155647,
            0.3689599335193634
        ],
        [
            0.17555613815784454,
            0.06542395800352097,
            0.6758333444595337
        ],
        [
            0.23419561982154846,
            0.13170337677001953,
            0.6188267469406128
        ],
        [
            0.0943085253238678,
            -0.007244840729981661,
            0.4280945658683777
        ],
        [
            -0.07819905132055283,
            -0.08298304677009583,
            -0.07489877194166183
        ],
        [
            0.08386610448360443,
            0.06453900784254074,
            0.01500357873737812
        ],
        [
            -0.048698876053094864,
            -0.05391682684421539,
            -0.016357867047190666
        ]
    ],
    "right_hand_pose": [
        [
            -0.06388979405164719,
            -0.0503101609647274,
            -0.12619762122631073
        ],
        [
            0.03665566071867943,
            0.002238162560388446,
            -0.26914897561073303
        ],
        [
            -0.012758015654981136,
            -0.019334783777594566,
            -0.30672764778137207
        ],
        [
            -0.04361051321029663,
            0.06433767825365067,
            -0.03529500588774681
        ],
        [
            0.07568109780550003,
            -0.02802218869328499,
            -0.5738343596458435
        ],
        [
            0.033894192427396774,
            -0.013994744047522545,
            -0.28949859738349915
        ],
        [
            0.20572301745414734,
            0.09639586508274078,
            -0.22265388071537018
        ],
        [
            0.24289348721504211,
            -0.14754816889762878,
            -0.2598176896572113
        ],
        [
            0.09248857945203781,
            -0.05854298919439316,
            -0.25250303745269775
        ],
        [
            0.07595063000917435,
            0.0987379252910614,
            -0.2034774124622345
        ],
        [
            0.05783283710479736,
            -0.017542267218232155,
            -0.6190028190612793
        ],
        [
            0.034872785210609436,
            -0.06959902495145798,
            -0.25399041175842285
        ],
        [
            -0.1898554563522339,
            0.13822881877422333,
            -0.10361403971910477
        ],
        [
            0.004646270535886288,
            0.03735776245594025,
            -0.004105499479919672
        ],
        [
            -0.05485543981194496,
            0.10782963782548904,
            -0.10147563368082047
        ]
    ],
    "jaw_pose": [
        [
            -0.0007120413356460631,
            -0.00084769690874964,
            -0.0009551905677653849
        ]
    ],
    "leye_pose": [
        [
            0.0,
            0.0,
            0.0
        ]
    ],
    "reye_pose": [
        [
            0.0,
            0.0,
            0.0
        ]
    ],
    "betas": [
        [
            0.3930027186870575,
            -0.402580589056015,
            0.6360352039337158,
            0.12254258990287781,
            -0.1266869455575943,
            0.2084379941225052,
            0.19743476808071136,
            -0.06279756128787994,
            0.04677833244204521,
            -0.04898183420300484
        ]
    ],
    "expression": [
        [
            0.006407920271158218,
            0.014150382950901985,
            -0.1101161390542984,
            0.02200496383011341,
            -0.001828591339290142,
            -0.039096757769584656,
            -0.04543182998895645,
            0.04025016725063324,
            -0.019901731982827187,
            -0.00841918308287859
        ]
    ],
    "transl": [
        [
            -0.003937436267733574,
            0.28688040375709534,
            42.24539566040039
        ]
    ]
}