{
    "global_orient": [
        [
            -2.9731884002685547,
            0.0005279331235215068,
            0.02942526340484619
        ]
    ],
    "body_pose": [
        [
            -0.00917062722146511,
            -0.02148113213479519,
            -0.04221431538462639
        ],
        [
            -0.027789577841758728,
            0.0279245488345623,
            0.0361068919301033
        ],
        [
            0.11582039296627045,
            -0.001641531940549612,
            -0.009830384515225887
        ],
        [
            0.16166338324546814,
            -0.038720183074474335,
            0.009262844920158386
        ],
        [
            0.17303048074245453,
            0.05471106246113777,
            0.012243817560374737
        ],
        [
            -0.0476970374584198,
            -0.004694811999797821,
            -0.0031886084470897913
        ],
        [
            -0.18234330415725708,
            0.13958877325057983,
            0.03456089273095131
        ],
        [
            -0.16840770840644836,
            -0.12732718884944916,
            -0.033789537847042084
        ],
        [
            0.03396434336900711,
            -0.0008720748010091484,
            0.0005639869486913085
        ],
        [
            -0.005374048836529255,
            0.005917788948863745,
            -0.010725733824074268
        ],
        [
            -0.010042918846011162,
            -0.003499900922179222,
            0.014661259017884731
        ],
        [
            -0.0605146624147892,
            0.006536407396197319,
            0.06826930493116379
        ],
        [
            -0.007508902810513973,
            -0.045796606689691544,
            -0.19608058035373688
        ],
        [
            -0.0014839534414932132,
            0.05066831409931183,
            0.29399222135543823
        ],
        [
            0.053253646939992905,
            0.014466787688434124,
            -0.04880790412425995
        ],
        [
            -0.020391730591654778,
            -0.15429021418094635,
            -0.587843656539917
        ],
        [
            -0.04348382726311684,
            0.10930424928665161,
            0.5824620723724365
        ],
        [
            -0.05654272064566612,
            -0.20704296231269836,
            0.019405419006943703
        ],
        [
            -0.08710543066263199,
            0.12105096131563187,
            -0.08501587063074112
        ],
        [
            -0.011305664665997028,
            -0.05501515045762062,
            0.294327974319458
        ],
        [
            -0.025750571861863136,
            0.051916591823101044,
            -0.2952917218208313
        ]
    ],
    "left_hand_pose": [
        [
            -0.07348784059286118,
            0.02524067647755146,
            0.2346666306257248
        ],
        [
            -0.015357024036347866,
            0.050726912915706635,
            0.5637408494949341
        ],
        [
            0.038511037826538086,
            0.0750918760895729,
            0.299405038356781
        ],
        [
            0.13902488350868225,
            -0.060345977544784546,
            0.26394057273864746
        ],
        [
            0.045542459934949875,
            -0.0007185149006545544,
            0.6531400084495544
        ],
        [
            0.006976622622460127,
            0.046144843101501465,
            0.3519943654537201
        ],
        [
            0.5574135184288025,
            -0.004194872919470072,
            0.41557955741882324
        ],
        [
            0.07840658724308014,
            0.12714381515979767,
            0.3558403551578522
        ],
        [
            0.22526906430721283,
            0.005762824788689613,
            0.2481933832168579
        ],
        [
            0.228265643119812,
            0.0025201328098773956,
            0.3912903666496277
        ],
        [
            0.1422053873538971,
            0.060571279376745224,
            0.6430922746658325
        ],
        [
            0.07016882300376892,
            0.044680699706077576,
            0.34807124733924866
        ],
        [
            -0.4685158133506775,
            -0.09326503425836563,
            0.22498102486133575
        ],
        [
            0.07004721462726593,
            0.06287292391061783,
            -0.10734814405441284
        ],
        [
            -0.19652415812015533,
            -0.13173414766788483,
            0.2380744218826294
        ]
    ],
    "right_hand_pose": [
        [
            -0.08238982409238815,
            -0.03100501000881195,
            -0.16901516914367676
        ],
        [
            0.02795572206377983,
            -0.01277341227978468,
            -0.3612217605113983
        ],
        [
            -0.007360575720667839,
            -0.03186831623315811,
            -0.3135700523853302
        ],
        [
            0.03455163165926933,
            0.08672483265399933,
            -0.13812148571014404
        ],
        [
            0.06362348049879074,
            -0.009578544646501541,
            -0.6146252751350403
        ],
        [
            0.024835815653204918,
            -0.02382020466029644,
            -0.30405277013778687
        ],
        [
            0.3746418356895447,
            0.10141041874885559,
            -0.3314961791038513
        ],
        [
            0.13606548309326172,
            -0.1389196664094925,
            -0.3304467797279358
        ],
        [
            0.18234369158744812,
            -0.032885272055864334,
            -0.22314754128456116
        ],
        [
            0.1464603990316391,
            0.11433923244476318,
            -0.29949846863746643
        ],
        [
            0.08445186913013458,
            -0.02429504320025444,
            -0.6068917512893677
        ],
        [
            0.04781800135970116,
            -0.05822592228651047,
            -0.2794434428215027
        ],
        [
            -0.329286128282547,
            0.10662952065467834,
            -0.18026074767112732
        ],
        [
            0.03917709365487099,
            -0.04421234503388405,
            0.051418691873550415
        ],
        [
            -0.13267014920711517,
            0.1647929698228836,
            -0.18215680122375488
        ]
    ],
    "jaw_pose": [
        [
            0.0025956223253160715,
            -0.002866371301934123,
            -0.005829690024256706
        ]
    ],
    "leye_pose": [
        [
            0.0,
            0.0,
            0.0
        ]
    ],
    "reye_pose": [
        [
            0.0,
            0.0,
            0.0
        ]
    ],
    "betas": [
        [
            -0.8074977397918701,
            0.6346654295921326,
            0.7092885971069336,
            -0.16828776895999908,
            -0.16914042830467224,
            0.08158088475465775,
            0.3518691062927246,
            0.024676334112882614,
            0.02905471809208393,
            0.10055015236139297
        ]
    ],
    "expression": [
        [
            0.012587908655405045,
            0.028982562944293022,
            -0.10060720145702362,
            -0.003093758365139365,
            -0.006879064254462719,
            -0.03471564128994942,
            -0.03478004410862923,
            0.02987414412200451,
            -0.00816268753260374,
            -0.011442494578659534
        ]
    ],
    "transl": [
        [
            0.008716697804629803,
            0.29286715388298035,
            38.87217330932617
        ]
    ]
}