{
    "global_orient": [
        [
            -2.948469877243042,
            -0.0438203401863575,
            -0.05688954144716263
        ]
    ],
    "body_pose": [
        [
            0.04065238684415817,
            0.01707305572926998,
            0.03171682730317116
        ],
        [
            0.0050484901294112206,
            0.002674347022548318,
            -0.0030336889903992414
        ],
        [
            0.068486787378788,
            -0.0003296105714980513,
            -0.019331328570842743
        ],
        [
            0.06705449521541595,
            -0.029894782230257988,
            0.021896416321396828
        ],
        [
            0.1135486513376236,
            0.035210639238357544,
            0.005671815015375614
        ],
        [
            -0.06336124241352081,
            -0.002347197849303484,
            -0.011778452433645725
        ],
        [
            -0.19155098497867584,
            0.15945890545845032,
            0.03661901503801346
        ],
        [
            -0.18599925935268402,
            -0.13347893953323364,
            -0.05323173850774765
        ],
        [
            0.08996258676052094,
            -0.0017389999702572823,
            -0.0014911071630194783
        ],
        [
            -0.008305037394165993,
            -0.00046655142796225846,
            -0.026043757796287537
        ],
        [
            -0.017826862633228302,
            -0.0015244624810293317,
            0.025438183918595314
        ],
        [
            0.0038206158205866814,
            -0.07808411121368408,
            0.1347893476486206
        ],
        [
            0.02040739543735981,
            -0.0036547270137816668,
            -0.17402537167072296
        ],
        [
            0.020352911204099655,
            0.0371268093585968,
            0.23861181735992432
        ],
        [
            0.18038663268089294,
            -0.09965016692876816,
            -0.023774737492203712
        ],
        [
            0.15430442988872528,
            -0.2724272608757019,
            -0.962169349193573
        ],
        [
            0.1349189430475235,
            0.2344277948141098,
            0.9489945769309998
        ],
        [
            0.19147618114948273,
            -0.3338145911693573,
            -0.06206231564283371
        ],
        [
            0.17717787623405457,
            0.306016206741333,
            0.03945857286453247
        ],
        [
            -0.0657040998339653,
            -0.061755936592817307,
            0.34186244010925293
        ],
        [
            -0.060023337602615356,
            0.051671430468559265,
            -0.27324631810188293
        ]
    ],
    "left_hand_pose": [
        [
            -0.004579307045787573,
            0.01737988367676735,
            0.17529234290122986
        ],
        [
            0.020222704857587814,
            -0.011318288743495941,
            0.17975309491157532
        ],
        [
            -0.017828110605478287,
            0.03045128658413887,
            0.16700659692287445
        ],
        [
            -0.016424886882305145,
            -0.03496149182319641,
            0.162106454372406
        ],
        [
            0.044255297631025314,
            0.03506698086857796,
            0.2970740795135498
        ],
        [
            0.030932603403925896,
            0.0010490582790225744,
            0.17869502305984497
        ],
        [
            0.15792196989059448,
            0.013522980734705925,
            0.27773645520210266
        ],
        [
            0.17793609201908112,
            0.09073472768068314,
            0.11713894456624985
        ],
        [
            0.04308294132351875,
            0.060460254549980164,
            0.12183398008346558
        ],
        [
            0.05558285489678383,
            -0.026031197980046272,
            0.27704519033432007
        ],
        [
            0.06682746857404709,
            0.04605935886502266,
            0.3345399498939514
        ],
        [
            0.028491143137216568,
            0.011076882481575012,
            0.1485949456691742
        ],
        [
            -0.03403906524181366,
            -0.0185249000787735,
            -0.027005167677998543
        ],
        [
            0.025093035772442818,
            0.0657302513718605,
            0.15030603110790253
        ],
        [
            -0.028999067842960358,
            -0.11343533545732498,
            -0.10247441381216049
        ]
    ],
    "right_hand_pose": [
        [
            -0.00841500237584114,
            -0.013942942954599857,
            -0.06916756927967072
        ],
        [
            0.03647962212562561,
            0.007546300534158945,
            -0.21446867287158966
        ],
        [
            -0.04182867333292961,
            -0.01881234347820282,
            -0.26728829741477966
        ],
        [
            -0.023353025317192078,
            0.04813014343380928,
            -0.07141938805580139
        ],
        [
            0.05689461901783943,
            -0.04291306808590889,
            -0.36256518959999084
        ],
        [
            0.03636062517762184,
            -0.000796230451669544,
            -0.2397550493478775
        ],
        [
            0.1495310366153717,
            0.01052019838243723,
            -0.20870527625083923
        ],
        [
            0.24199500679969788,
            -0.11237545311450958,
            -0.155384823679924
        ],
        [
            0.06346327066421509,
            -0.06638384610414505,
            -0.1786133199930191
        ],
        [
            0.04813162237405777,
            0.03736114501953125,
            -0.17259961366653442
        ],
        [
            0.0798829197883606,
            -0.05187784135341644,
            -0.4392342269420624
        ],
        [
            0.035807862877845764,
            -0.025251422077417374,
            -0.19957350194454193
        ],
        [
            -0.035567693412303925,
            0.07545457035303116,
            0.029899656772613525
        ],
        [
            0.009202144108712673,
            0.020752983167767525,
            -0.1120401993393898
        ],
        [
            -0.00015029367932584137,
            0.11580392718315125,
            0.06523443013429642
        ]
    ],
    "jaw_pose": [
        [
            0.005827633198350668,
            -0.002677235519513488,
            -0.0007230847841128707
        ]
    ],
    "leye_pose": [
        [
            0.0,
            0.0,
            0.0
        ]
    ],
    "reye_pose": [
        [
            0.0,
            0.0,
            0.0
        ]
    ],
    "betas": [
        [
            0.6456521153450012,
            0.3475080132484436,
            1.3464410305023193,
            -0.8072023987770081,
            0.10888484865427017,
            -0.9702392816543579,
            0.0081725362688303,
            0.3489281237125397,
            0.5343325734138489,
            -0.12509199976921082
        ]
    ],
    "expression": [
        [
            -0.0023204535245895386,
            0.027278853580355644,
            -0.01516659650951624,
            -0.006802511401474476,
            -0.012839213944971561,
            -0.017442509531974792,
            -0.003957334440201521,
            0.023086486384272575,
            0.002339384751394391,
            -0.004078143276274204
        ]
    ],
    "transl": [
        [
            0.006555849686264992,
            0.33282020688056946,
            42.52401351928711
        ]
    ]
}