{
    "global_orient": [
        [
            -2.9374074935913086,
            -0.048512957990169525,
            0.060754578560590744
        ]
    ],
    "body_pose": [
        [
            0.07008840888738632,
            -0.00250633736141026,
            -0.00613131420686841
        ],
        [
            0.04459107294678688,
            -8.364080713363364e-05,
            0.003896023379638791
        ],
        [
            0.07129117846488953,
            0.0019949651323258877,
            -0.017341505736112595
        ],
        [
            0.036400794982910156,
            -0.050259780138731,
            0.03461698815226555
        ],
        [
            0.08751360327005386,
            0.04786702245473862,
            -0.00144391437061131
        ],
        [
            -0.05774596706032753,
            -0.0017599546117708087,
            -0.0022103714291006327
        ],
        [
            -0.11950985342264175,
            0.12109759449958801,
            0.015866907313466072
        ],
        [
            -0.12884961068630219,
            -0.11538421362638474,
            -0.031903862953186035
        ],
        [
            0.043490178883075714,
            -0.005095244850963354,
            0.004929190035909414
        ],
        [
            -0.01163491141051054,
            -0.002795066451653838,
            -0.009572979994118214
        ],
        [
            -0.017470549792051315,
            0.0008558057015761733,
            0.006635639816522598
        ],
        [
            -0.19176983833312988,
            -0.029384849593043327,
            0.11862747371196747
        ],
        [
            0.006069565191864967,
            -0.041411392390728,
            -0.25840237736701965
        ],
        [
            0.018124043941497803,
            0.0707218274474144,
            0.34394848346710205
        ],
        [
            -0.012861519120633602,
            -0.008329798467457294,
            -0.07394453138113022
        ],
        [
            0.12331309169530869,
            -0.2554238736629486,
            -0.8781154751777649
        ],
        [
            0.10587706416845322,
            0.24891702830791473,
            0.912703275680542
        ],
        [
            0.11273499578237534,
            -0.3202364146709442,
            -0.021203476935625076
        ],
        [
            0.07794926315546036,
            0.29203248023986816,
            -0.024860700592398643
        ],
        [
            -0.033362578600645065,
            -0.05049807205796242,
            0.25849661231040955
        ],
        [
            -0.03960144892334938,
            0.040762610733509064,
            -0.25567638874053955
        ]
    ],
    "left_hand_pose": [
        [
            0.00685883779078722,
            0.010928244329988956,
            0.2217094600200653
        ],
        [
            -0.002902617445215583,
            -0.011721137911081314,
            0.25162971019744873
        ],
        [
            -0.01115985307842493,
            0.04160860925912857,
            0.21888776123523712
        ],
        [
            0.0005474925856105983,
            -0.044420965015888214,
            0.2493927925825119
        ],
        [
            0.049574412405490875,
            0.029082853347063065,
            0.33077484369277954
        ],
        [
            0.032598186284303665,
            0.0062683019787073135,
            0.22855211794376373
        ],
        [
            0.14083798229694366,
            0.03841114416718483,
            0.29721301794052124
        ],
        [
            0.27449700236320496,
            0.10251051187515259,
            0.14629124104976654
        ],
        [
            0.04158207029104233,
            0.08208373934030533,
            0.21278013288974762
        ],
        [
            0.06605728715658188,
            -0.012744607403874397,
            0.34251853823661804
        ],
        [
            0.09545547515153885,
            0.06901565939188004,
            0.3895215690135956
        ],
        [
            0.044285789132118225,
            0.013730132021009922,
            0.19097793102264404
        ],
        [
            -0.07063065469264984,
            -0.061889246106147766,
            0.0027361710090190172
        ],
        [
            0.016033215448260307,
            0.0545651912689209,
            0.1578194797039032
        ],
        [
            -0.04300953820347786,
            -0.12666374444961548,
            -0.06109157204627991
        ]
    ],
    "right_hand_pose": [
        [
            0.030213454738259315,
            -0.011652122251689434,
            -0.18852581083774567
        ],
        [
            0.006059540901333094,
            0.04028432443737984,
            -0.14249344170093536
        ],
        [
            -0.05044633522629738,
            -0.033769652247428894,
            -0.21250469982624054
        ],
        [
            -0.042530208826065063,
            0.03741974011063576,
            -0.24272765219211578
        ],
        [
            0.05105121061205864,
            -0.0556674525141716,
            -0.25029686093330383
        ],
        [
            0.04451844096183777,
            0.008880731649696827,
            -0.22803349792957306
        ],
        [
            0.09810053557157516,
            -0.017165835946798325,
            -0.33741462230682373
        ],
        [
            0.2952518165111542,
            -0.11780170351266861,
            -0.10977756977081299
        ],
        [
            0.019274499267339706,
            -0.09871052205562592,
            -0.19335144758224487
        ],
        [
            0.027374492958188057,
            0.017445523291826248,
            -0.3434370160102844
        ],
        [
            0.0936080813407898,
            -0.07493314892053604,
            -0.33824777603149414
        ],
        [
            0.04247244819998741,
            0.0015808383468538523,
            -0.19294127821922302
        ],
        [
            0.07354889810085297,
            0.006849704310297966,
            0.09231863915920258
        ],
        [
            0.008765329606831074,
            -0.051930129528045654,
            -0.2681853473186493
        ],
        [
            0.015490672551095486,
            0.13174313306808472,
            0.17738881707191467
        ]
    ],
    "jaw_pose": [
        [
            0.0003275824710726738,
            -0.0025930427946150303,
            -0.0009633435402065516
        ]
    ],
    "leye_pose": [
        [
            0.0,
            0.0,
            0.0
        ]
    ],
    "reye_pose": [
        [
            0.0,
            0.0,
            0.0
        ]
    ],
    "betas": [
        [
            0.8109930753707886,
            -0.10460682213306427,
            0.6771799325942993,
            0.15120814740657806,
            0.08234481513500214,
            -0.09537296742200851,
            0.05387257784605026,
            0.0025834892876446247,
            -0.016656043007969856,
            -0.3336143493652344
        ]
    ],
    "expression": [
        [
            -0.019299954175949097,
            0.006225954741239548,
            -0.03026333637535572,
            0.01755591854453087,
            0.0008275704458355904,
            -0.036454860121011734,
            -0.012355193495750427,
            0.03282627463340759,
            -0.0104053420946002,
            -0.004036177881062031
        ]
    ],
    "transl": [
        [
            -0.009785672649741173,
            0.32516616582870483,
            41.56793975830078
        ]
    ]
}