{
    "global_orient": [
        [
            -3.0065224170684814,
            -0.07556432485580444,
            0.10841496288776398
        ]
    ],
    "body_pose": [
        [
            0.027554480358958244,
            0.01329418271780014,
            -0.044567763805389404
        ],
        [
            0.011941378004848957,
            -0.007072180509567261,
            0.026151390746235847
        ],
        [
            0.083768330514431,
            0.0012461590813472867,
            -0.015965964645147324
        ],
        [
            0.0763697698712349,
            -0.022570272907614708,
            0.0171971432864666
        ],
        [
            0.08966100215911865,
            0.05232188105583191,
            0.006114261224865913
        ],
        [
            -0.08554822206497192,
            0.0003617302281782031,
            0.0007259902777150273
        ],
        [
            -0.17616336047649384,
            0.16191424429416656,
            0.0481133796274662
        ],
        [
            -0.15510842204093933,
            -0.13647107779979706,
            -0.03872715309262276
        ],
        [
            0.08622481673955917,
            -0.0010546839330345392,
            0.008900348097085953
        ],
        [
            -0.002931342925876379,
            0.005584087688475847,
            -0.02083767205476761
        ],
        [
            -0.010647691786289215,
            -0.005770552903413773,
            0.014573121443390846
        ],
        [
            -0.07328273355960846,
            -0.06674345582723618,
            0.15004804730415344
        ],
        [
            -0.01857997477054596,
            0.0553683303296566,
            -0.11223690956830978
        ],
        [
            -0.022344006225466728,
            0.011922311969101429,
            0.2331298291683197
        ],
        [
            0.10632459074258804,
            -0.06542182713747025,
            -0.028254535049200058
        ],
        [
            -0.026376444846391678,
            -0.07314129173755646,
            -0.5579500198364258
        ],
        [
            -0.026440992951393127,
            0.1123962253332138,
            0.5775783061981201
        ],
        [
            -0.07307909429073334,
            -0.12799479067325592,
            -0.020863650366663933
        ],
        [
            -0.08284656703472137,
            0.13592858612537384,
            -0.018881116062402725
        ],
        [
            -0.08641452342271805,
            0.0197177492082119,
            0.18886350095272064
        ],
        [
            -0.07633111625909805,
            -0.003339029150083661,
            -0.14844320714473724
        ]
    ],
    "left_hand_pose": [
        [
            -0.055858220905065536,
            0.052912019193172455,
            0.07714240998029709
        ],
        [
            0.07651647180318832,
            -0.0050717126578092575,
            0.20071978867053986
        ],
        [
            -0.043333157896995544,
            -0.001970915822312236,
            0.2887210249900818
        ],
        [
            -0.04691849648952484,
            -0.04666757583618164,
            0.008982280269265175
        ],
        [
            0.07063931971788406,
            0.032497338950634,
            0.4674015939235687
        ],
        [
            0.03465728089213371,
            0.010763450525701046,
            0.2287965565919876
        ],
        [
            0.19920118153095245,
            -0.028975510969758034,
            0.20830875635147095
        ],
        [
            0.16635480523109436,
            0.12208719551563263,
            0.20743097364902496
        ],
        [
            0.10575282573699951,
            0.04214136675000191,
            0.14065995812416077
        ],
        [
            0.07767835259437561,
            -0.0719708651304245,
            0.16996879875659943
        ],
        [
            0.05081094428896904,
            0.02413679100573063,
            0.5226283669471741
        ],
        [
            0.02408895082771778,
            0.05477104336023331,
            0.17999814450740814
        ],
        [
            -0.1259351372718811,
            -0.028943905606865883,
            0.08572094142436981
        ],
        [
            0.029016759246587753,
            0.00901105161756277,
            0.0898657888174057
        ],
        [
            -0.01832364872097969,
            -0.08446662127971649,
            -0.04135896638035774
        ]
    ],
    "right_hand_pose": [
        [
            -0.06446133553981781,
            -0.033918265253305435,
            -0.06847510486841202
        ],
        [
            0.0692048892378807,
            0.011046660132706165,
            -0.27051204442977905
        ],
        [
            -0.038952622562646866,
            -0.009875905700027943,
            -0.33173924684524536
        ],
        [
            -0.054428037256002426,
            0.05926583334803581,
            -0.0072113145142793655
        ],
        [
            0.0812845230102539,
            -0.031665150076150894,
            -0.5498683452606201
        ],
        [
            0.03533458337187767,
            -0.007361496798694134,
            -0.2821092903614044
        ],
        [
            0.1836405247449875,
            0.08500026911497116,
            -0.24555358290672302
        ],
        [
            0.20394040644168854,
            -0.12648512423038483,
            -0.2545818090438843
        ],
        [
            0.10661481320858002,
            -0.052809372544288635,
            -0.17942017316818237
        ],
        [
            0.07794306427240372,
            0.10982555896043777,
            -0.19024065136909485
        ],
        [
            0.06772778928279877,
            -0.018227318301796913,
            -0.5932007431983948
        ],
        [
            0.03445492684841156,
            -0.04919483885169029,
            -0.2294386625289917
        ],
        [
            -0.17162276804447174,
            0.06255187839269638,
            -0.08520334213972092
        ],
        [
            0.016529645770788193,
            -0.004863903392106295,
            -0.06021018698811531
        ],
        [
            -0.03123730607330799,
            0.10793601721525192,
            -0.021543867886066437
        ]
    ],
    "jaw_pose": [
        [
            0.009928242303431034,
            -0.0019591962918639183,
            -0.0007828384405001998
        ]
    ],
    "leye_pose": [
        [
            0.0,
            0.0,
            0.0
        ]
    ],
    "reye_pose": [
        [
            0.0,
            0.0,
            0.0
        ]
    ],
    "betas": [
        [
            0.30136874318122864,
            0.3656153380870819,
            1.3974217176437378,
            -0.5450936555862427,
            -0.2360473871231079,
            -0.41308361291885376,
            0.28440895676612854,
            0.13056109845638275,
            0.49504709243774414,
            -0.07063516229391098
        ]
    ],
    "expression": [
        [
            0.009670183062553406,
            0.021865079179406166,
            -0.04341931268572807,
            -0.0065902164205908775,
            0.002370745874941349,
            -0.007241257466375828,
            -0.013896195217967033,
            0.01492012944072485,
            -0.00044741970486938953,
            -0.01043956633657217
        ]
    ],
    "transl": [
        [
            -0.03963339328765869,
            0.3482946753501892,
            41.42560577392578
        ]
    ]
}