{
    "global_orient": [
        [
            -2.943676233291626,
            -0.030645186081528664,
            0.03135279193520546
        ]
    ],
    "body_pose": [
        [
            -0.012451676651835442,
            0.03817857801914215,
            0.0727856308221817
        ],
        [
            -0.010828937403857708,
            -0.031244006007909775,
            -0.08537476509809494
        ],
        [
            0.11554970592260361,
            0.0033792154863476753,
            -0.01198002602905035
        ],
        [
            0.21071365475654602,
            -0.05204397067427635,
            0.010333229787647724
        ],
        [
            0.24388426542282104,
            0.07471871376037598,
            0.008851638063788414
        ],
        [
            -0.10416556149721146,
            -0.002358163008466363,
            -0.003612576285377145
        ],
        [
            -0.16399869322776794,
            0.15582388639450073,
            0.02443481981754303
        ],
        [
            -0.16092346608638763,
            -0.13208644092082977,
            -0.019917672500014305
        ],
        [
            0.088669054210186,
            -0.0012942448956891894,
            0.0013919587945565581
        ],
        [
            -0.017143767327070236,
            0.007479056250303984,
            -0.006179380230605602
        ],
        [
            -0.02562912553548813,
            -0.003461664542555809,
            0.011220475658774376
        ],
        [
            -0.15532535314559937,
            -0.04337083175778389,
            0.10086102783679962
        ],
        [
            -0.02124791406095028,
            0.035543836653232574,
            -0.09222482889890671
        ],
        [
            -0.022244488820433617,
            0.0039451755583286285,
            0.19505353271961212
        ],
        [
            0.017338456586003304,
            -0.04570871964097023,
            -0.004655786789953709
        ],
        [
            -0.04265294596552849,
            -0.11317586153745651,
            -0.5412666201591492
        ],
        [
            -0.044103365391492844,
            0.10149498283863068,
            0.542911171913147
        ],
        [
            -0.10708055645227432,
            -0.19305363297462463,
            0.01820100098848343
        ],
        [
            -0.12961769104003906,
            0.1903281807899475,
            -0.048071831464767456
        ],
        [
            -0.03477215766906738,
            0.0074342102743685246,
            0.23814757168293
        ],
        [
            -0.06253937631845474,
            -0.003918811213225126,
            -0.18567848205566406
        ]
    ],
    "left_hand_pose": [
        [
            -0.04906352609395981,
            0.00983987096697092,
            0.2649410665035248
        ],
        [
            0.00966634601354599,
            0.009207689203321934,
            0.4891520142555237
        ],
        [
            -0.007381160277873278,
            0.05160801112651825,
            0.3620581328868866
        ],
        [
            0.07610573619604111,
            -0.10005676001310349,
            0.2716931104660034
        ],
        [
            0.06842679530382156,
            0.03241373226046562,
            0.6502540707588196
        ],
        [
            0.025505391880869865,
            0.03121061995625496,
            0.39161884784698486
        ],
        [
            0.4379500150680542,
            -0.012387634254992008,
            0.4849841892719269
        ],
        [
            0.18370972573757172,
            0.15417265892028809,
            0.3097608685493469
        ],
        [
            0.18822281062602997,
            0.06176559627056122,
            0.2634863257408142
        ],
        [
            0.1803375482559204,
            -0.06854965537786484,
            0.4347158968448639
        ],
        [
            0.13484057784080505,
            0.06309327483177185,
            0.6699576377868652
        ],
        [
            0.0665225014090538,
            0.049477990716695786,
            0.3430251479148865
        ],
        [
            -0.3040599822998047,
            -0.04769458994269371,
            0.15373842418193817
        ],
        [
            0.057448405772447586,
            0.1010168045759201,
            0.07147013396024704
        ],
        [
            -0.12699417769908905,
            -0.1774589568376541,
            0.07802076637744904
        ]
    ],
    "right_hand_pose": [
        [
            -0.08512356132268906,
            -0.0276173148304224,
            -0.24887524545192719
        ],
        [
            -0.014789383858442307,
            -0.026957456022500992,
            -0.507911205291748
        ],
        [
            0.055544786155223846,
            -0.07054433971643448,
            -0.2834431529045105
        ],
        [
            0.09018349647521973,
            0.10443561524152756,
            -0.19471552968025208
        ],
        [
            0.058452822268009186,
            -0.008723432198166847,
            -0.6380614042282104
        ],
        [
            0.015545623376965523,
            -0.042783766984939575,
            -0.2940085828304291
        ],
        [
            0.402323842048645,
            0.05701521411538124,
            -0.3259179890155792
        ],
        [
            0.14781969785690308,
            -0.13034774363040924,
            -0.3269396722316742
        ],
        [
            0.1646348387002945,
            -0.03865872696042061,
            -0.24085143208503723
        ],
        [
            0.1807655245065689,
            0.08281616121530533,
            -0.3343474566936493
        ],
        [
            0.12017620354890823,
            -0.04305962845683098,
            -0.633362889289856
        ],
        [
            0.06465520709753036,
            -0.06263252347707748,
            -0.28435415029525757
        ],
        [
            -0.5518354773521423,
            0.13085995614528656,
            -0.31012821197509766
        ],
        [
            0.04696466401219368,
            -0.08368521183729172,
            0.09672588109970093
        ],
        [
            -0.24008536338806152,
            0.21660079061985016,
            -0.29279035329818726
        ]
    ],
    "jaw_pose": [
        [
            -0.0007405938813462853,
            -0.004733799025416374,
            -0.003064650110900402
        ]
    ],
    "leye_pose": [
        [
            0.0,
            0.0,
            0.0
        ]
    ],
    "reye_pose": [
        [
            0.0,
            0.0,
            0.0
        ]
    ],
    "betas": [
        [
            1.1138488054275513,
            0.26594945788383484,
            0.48174571990966797,
            -0.3375685214996338,
            0.09688620269298553,
            -0.31388360261917114,
            0.009802529588341713,
            0.06370210647583008,
            0.18213024735450745,
            -0.03747165575623512
        ]
    ],
    "expression": [
        [
            0.03726370632648468,
            0.03961920738220215,
            -0.14997358620166779,
            0.021836673840880394,
            -0.00860318262130022,
            -0.03758355230093002,
            -0.057153794914484024,
            0.04140840843319893,
            -0.020700110122561455,
            -0.00642771739512682
        ]
    ],
    "transl": [
        [
            -0.00907069630920887,
            0.3267459273338318,
            45.49310302734375
        ]
    ]
}