{
    "global_orient": [
        [
            -2.859529733657837,
            -0.09286896884441376,
            0.03302720561623573
        ]
    ],
    "body_pose": [
        [
            0.02459329180419445,
            0.03654073178768158,
            0.06523825973272324
        ],
        [
            -0.09676475077867508,
            -0.03973781690001488,
            -0.07992963492870331
        ],
        [
            0.12466239184141159,
            0.004176910035312176,
            -0.016483411192893982
        ],
        [
            0.1798311024904251,
            -0.018429720774292946,
            0.012602359056472778
        ],
        [
            0.3356785476207733,
            -0.013071205466985703,
            0.01832646317780018
        ],
        [
            -0.07571490108966827,
            -0.0006339038955047727,
            -0.007298237178474665
        ],
        [
            -0.1847415417432785,
            0.09431944042444229,
            0.03566625714302063
        ],
        [
            -0.16693389415740967,
            -0.09483513236045837,
            -0.04433860629796982
        ],
        [
            0.05326070263981819,
            -0.00679769366979599,
            4.322343011153862e-05
        ],
        [
            -0.020559947937726974,
            0.002976370044052601,
            -0.012345079332590103
        ],
        [
            -0.02658994123339653,
            -0.006597721017897129,
            0.018217429518699646
        ],
        [
            -0.1084299236536026,
            -0.03257070854306221,
            0.07968851923942566
        ],
        [
            0.010211357846856117,
            -0.08294835686683655,
            -0.24484595656394958
        ],
        [
            0.016651576384902,
            0.10998855531215668,
            0.30348914861679077
        ],
        [
            0.009290904738008976,
            -0.04110254719853401,
            -0.06172749772667885
        ],
        [
            0.07582423835992813,
            -0.26495641469955444,
            -0.8484019637107849
        ],
        [
            0.0758056491613388,
            0.2632193863391876,
            0.8682408332824707
        ],
        [
            0.023789994418621063,
            -0.1827210783958435,
            -0.05063743144273758
        ],
        [
            0.04818767309188843,
            0.2387126088142395,
            0.00822091568261385
        ],
        [
            -0.057368312031030655,
            -0.018226541578769684,
            0.24328407645225525
        ],
        [
            -0.007734708022326231,
            0.01969682238996029,
            -0.24274680018424988
        ]
    ],
    "left_hand_pose": [
        [
            -0.02706373855471611,
            0.016477303579449654,
            0.24390754103660583
        ],
        [
            -0.011887271888554096,
            -0.006107676308602095,
            0.27656564116477966
        ],
        [
            0.022212348878383636,
            0.05251593515276909,
            0.20338571071624756
        ],
        [
            0.010962828062474728,
            -0.06342046707868576,
            0.20726901292800903
        ],
        [
            0.05270387977361679,
            0.029805105179548264,
            0.3982192277908325
        ],
        [
            0.0277611892670393,
            0.01669626496732235,
            0.22817948460578918
        ],
        [
            0.22830219566822052,
            -0.025108439847826958,
            0.32722562551498413
        ],
        [
            0.18149828910827637,
            0.10859251767396927,
            0.17813707888126373
        ],
        [
            0.08326832950115204,
            0.06149709224700928,
            0.18411532044410706
        ],
        [
            0.08263799548149109,
            -0.05467640236020088,
            0.313328355550766
        ],
        [
            0.08644299954175949,
            0.05698448419570923,
            0.42539671063423157
        ],
        [
            0.04666704311966896,
            0.03288650885224342,
            0.21378394961357117
        ],
        [
            -0.2237934172153473,
            -0.05149315670132637,
            0.10882510244846344
        ],
        [
            0.03539233282208443,
            0.12444867938756943,
            0.08624664694070816
        ],
        [
            -0.09789123386144638,
            -0.17376507818698883,
            0.0455537848174572
        ]
    ],
    "right_hand_pose": [
        [
            -0.025637030601501465,
            -0.012498081661760807,
            -0.2972409129142761
        ],
        [
            -0.04545275866985321,
            0.007661966606974602,
            -0.38639208674430847
        ],
        [
            0.03812278434634209,
            -0.07962556928396225,
            -0.2218102663755417
        ],
        [
            0.09053146094083786,
            0.07950501888990402,
            -0.3407597839832306
        ],
        [
            0.05305478349328041,
            -0.01926605775952339,
            -0.47239768505096436
        ],
        [
            0.027816416695713997,
            -0.02297671139240265,
            -0.3059925436973572
        ],
        [
            0.3353940546512604,
            -0.024449944496154785,
            -0.4774726927280426
        ],
        [
            0.20971430838108063,
            -0.1182054951786995,
            -0.2561957538127899
        ],
        [
            0.1312609165906906,
            -0.06459499150514603,
            -0.24728718400001526
        ],
        [
            0.1336272656917572,
            0.01711895875632763,
            -0.47129523754119873
        ],
        [
            0.13942670822143555,
            -0.07548375427722931,
            -0.4949904978275299
        ],
        [
            0.06989385187625885,
            -0.02147066220641136,
            -0.288473516702652
        ],
        [
            -0.172316774725914,
            0.02391269989311695,
            -0.05360749363899231
        ],
        [
            0.06335760653018951,
            -0.13440673053264618,
            -0.10137768089771271
        ],
        [
            -0.1281675547361374,
            0.1804620772600174,
            0.017056016251444817
        ]
    ],
    "jaw_pose": [
        [
            0.0023550528567284346,
            -0.0036567733623087406,
            -0.0032756889704614878
        ]
    ],
    "leye_pose": [
        [
            0.0,
            0.0,
            0.0
        ]
    ],
    "reye_pose": [
        [
            0.0,
            0.0,
            0.0
        ]
    ],
    "betas": [
        [
            0.6966407299041748,
            0.34852471947669983,
            0.5945459604263306,
            0.4276505410671234,
            0.14364421367645264,
            -0.160761758685112,
            0.056676942855119705,
            0.07060924172401428,
            -0.03526043891906738,
            -0.18771128356456757
        ]
    ],
    "expression": [
        [
            0.0009605046361684799,
            0.00915710348635912,
            -0.0976908802986145,
            0.041256412863731384,
            0.0056661581620574,
            -0.040855713188648224,
            -0.031217778101563454,
            0.03378437086939812,
            -0.01631202921271324,
            -0.00405998807400465
        ]
    ],
    "transl": [
        [
            0.019901076331734657,
            0.3451959490776062,
            40.10120391845703
        ]
    ]
}