{
    "global_orient": [
        [
            -2.926543712615967,
            -0.017435584217309952,
            0.019252534955739975
        ]
    ],
    "body_pose": [
        [
            0.08112996816635132,
            0.017944293096661568,
            0.001752135925926268
        ],
        [
            0.01980764791369438,
            -0.028127726167440414,
            0.009293039329349995
        ],
        [
            0.06288540363311768,
            0.00015355135838035494,
            -0.008378587663173676
        ],
        [
            0.1547481119632721,
            -0.056645579636096954,
            0.0071253362111747265
        ],
        [
            0.2172827571630478,
            0.018955212086439133,
            0.017727939411997795
        ],
        [
            -0.0708463117480278,
            -0.003485337598249316,
            0.00012569449609145522
        ],
        [
            -0.13981442153453827,
            0.15661966800689697,
            0.03209321200847626
        ],
        [
            -0.14062009751796722,
            -0.14830945432186127,
            -0.04028526321053505
        ],
        [
            0.043285470455884933,
            0.0033366691786795855,
            -0.003374172141775489
        ],
        [
            -0.021233195438981056,
            -0.0003774950164370239,
            -0.004861450754106045
        ],
        [
            -0.027793532237410545,
            0.0016363438917323947,
            0.007341364864259958
        ],
        [
            -0.14677031338214874,
            -0.04835645854473114,
            0.0439729169011116
        ],
        [
            -0.02162170223891735,
            -0.03925745561718941,
            -0.18582460284233093
        ],
        [
            -0.03599734231829643,
            0.08476446568965912,
            0.26623132824897766
        ],
        [
            0.0736009031534195,
            -0.07357024401426315,
            -0.015476363711059093
        ],
        [
            -0.027522508054971695,
            -0.1251647174358368,
            -0.44080010056495667
        ],
        [
            -0.07521192729473114,
            0.13387814164161682,
            0.3691962957382202
        ],
        [
            -0.0922858864068985,
            -0.09809599071741104,
            -0.021255312487483025
        ],
        [
            -0.11399701237678528,
            0.0344667062163353,
            -0.042594462633132935
        ],
        [
            -0.04238671436905861,
            0.00298119499348104,
            0.16893133521080017
        ],
        [
            -0.024615641683340073,
            -0.0031698092352598906,
            -0.14650940895080566
        ]
    ],
    "left_hand_pose": [
        [
            -0.09389112144708633,
            0.03846129775047302,
            0.0700959861278534
        ],
        [
            0.05626768618822098,
            0.021056758239865303,
            0.3721611797809601
        ],
        [
            -0.022636020556092262,
            0.031365565955638885,
            0.3392644226551056
        ],
        [
            0.04185109585523605,
            -0.10301484912633896,
            0.11135850846767426
        ],
        [
            0.05735474079847336,
            -0.0005222074687480927,
            0.5957221984863281
        ],
        [
            0.012728353030979633,
            0.03702160343527794,
            0.28959643840789795
        ],
        [
            0.538367509841919,
            -0.039270102977752686,
            0.49286317825317383
        ],
        [
            0.06766566634178162,
            0.11838531494140625,
            0.31561052799224854
        ],
        [
            0.2065102905035019,
            0.005842410959303379,
            0.1904681771993637
        ],
        [
            0.1777995377779007,
            -0.08252912759780884,
            0.37469419836997986
        ],
        [
            0.07657920569181442,
            0.01271256897598505,
            0.6178836226463318
        ],
        [
            0.03981763496994972,
            0.0671306774020195,
            0.26080504059791565
        ],
        [
            -0.2772938907146454,
            -0.16412167251110077,
            0.1152694821357727
        ],
        [
            0.06852387636899948,
            0.00732066435739398,
            -0.03762016445398331
        ],
        [
            -0.1293354332447052,
            -0.1451970487833023,
            0.10743517428636551
        ]
    ],
    "right_hand_pose": [
        [
            -0.09524790197610855,
            -0.00991202611476183,
            -0.12693709135055542
        ],
        [
            0.017372315749526024,
            -0.020435037091374397,
            -0.4583315849304199
        ],
        [
            0.023249365389347076,
            -0.049064114689826965,
            -0.27559658885002136
        ],
        [
            0.098836749792099,
            0.0868925228714943,
            -0.19448241591453552
        ],
        [
            0.04118170216679573,
            0.020665308460593224,
            -0.5896718502044678
        ],
        [
            -0.00236700102686882,
            -0.03772016614675522,
            -0.2645363211631775
        ],
        [
            0.5505475401878357,
            0.001311609405092895,
            -0.453977108001709
        ],
        [
            -0.0015268090646713972,
            -0.09269240498542786,
            -0.2942543625831604
        ],
        [
            0.21286511421203613,
            0.014386489987373352,
            -0.1688278764486313
        ],
        [
            0.19948984682559967,
            0.04515985772013664,
            -0.38485872745513916
        ],
        [
            0.08838021010160446,
            -0.011417599394917488,
            -0.5420029163360596
        ],
        [
            0.04177359119057655,
            -0.05391992628574371,
            -0.2623429298400879
        ],
        [
            -0.4217987358570099,
            0.1779974102973938,
            -0.20802654325962067
        ],
        [
            0.0615517757833004,
            -0.043492015451192856,
            0.09756193310022354
        ],
        [
            -0.16644060611724854,
            0.12448529154062271,
            -0.2147916853427887
        ]
    ],
    "jaw_pose": [
        [
            0.005212054587900639,
            -0.004137587267905474,
            -0.0009393165819346905
        ]
    ],
    "leye_pose": [
        [
            0.0,
            0.0,
            0.0
        ]
    ],
    "reye_pose": [
        [
            0.0,
            0.0,
            0.0
        ]
    ],
    "betas": [
        [
            0.7954610586166382,
            -0.13572096824645996,
            0.06379149854183197,
            0.206899031996727,
            0.25485628843307495,
            0.020845184102654457,
            0.13991232216358185,
            -0.038240913301706314,
            0.02050008811056614,
            -0.16617554426193237
        ]
    ],
    "expression": [
        [
            0.004453098401427269,
            -0.006543116644024849,
            -0.12261971831321716,
            0.04230115935206413,
            0.010546419769525528,
            -0.02476106397807598,
            -0.040576256811618805,
            0.036186184734106064,
            -0.022762825712561607,
            -0.010869213379919529
        ]
    ],
    "transl": [
        [
            0.0359240397810936,
            0.3124983310699463,
            48.414817810058594
        ]
    ]
}