{
    "global_orient": [
        [
            -3.0136921405792236,
            -0.03068493865430355,
            0.05934498459100723
        ]
    ],
    "body_pose": [
        [
            0.09039761126041412,
            0.02822684496641159,
            0.03857072442770004
        ],
        [
            0.016204113140702248,
            -0.025914756581187248,
            -0.030258001759648323
        ],
        [
            0.08017703145742416,
            -0.0026003895327448845,
            -0.012557457201182842
        ],
        [
            0.027413824573159218,
            -0.08188626915216446,
            0.033058665692806244
        ],
        [
            0.09620855003595352,
            0.060653459280729294,
            0.0023580980487167835
        ],
        [
            -0.08509599417448044,
            -0.004409515764564276,
            -0.005428460892289877
        ],
        [
            -0.12688276171684265,
            0.1396983414888382,
            0.012481264770030975
        ],
        [
            -0.11277243494987488,
            -0.13674141466617584,
            -0.010144392028450966
        ],
        [
            0.07856873422861099,
            0.00043670821469277143,
            -0.002930382266640663
        ],
        [
            -0.010137667879462242,
            0.001786321634426713,
            -0.0022678528912365437
        ],
        [
            -0.015935927629470825,
            -0.0009730598540045321,
            0.002178468741476536
        ],
        [
            -0.1450328230857849,
            -0.02710881642997265,
            0.0823354572057724
        ],
        [
            -0.008849229663610458,
            -0.048857275396585464,
            -0.22918851673603058
        ],
        [
            -0.014121816493570805,
            0.06830483675003052,
            0.2926485240459442
        ],
        [
            0.040701236575841904,
            -0.020376307889819145,
            -0.048490870743989944
        ],
        [
            0.05297617241740227,
            -0.22171136736869812,
            -0.7975138425827026
        ],
        [
            0.01161730196326971,
            0.19776509702205658,
            0.7387248873710632
        ],
        [
            -0.07352069765329361,
            -0.14688681066036224,
            -0.028610998764634132
        ],
        [
            -0.09921258687973022,
            0.09879646450281143,
            -0.025272497907280922
        ],
        [
            -0.17657479643821716,
            0.0184597447514534,
            0.24440056085586548
        ],
        [
            -0.1629941463470459,
            -0.013299625366926193,
            -0.20561739802360535
        ]
    ],
    "left_hand_pose": [
        [
            -0.07035057991743088,
            0.05570785328745842,
            0.1334264725446701
        ],
        [
            0.05306973680853844,
            0.005137002561241388,
            0.25516819953918457
        ],
        [
            -0.011194711551070213,
            0.02145886979997158,
            0.29094982147216797
        ],
        [
            0.007673740852624178,
            -0.05495717003941536,
            0.05265849828720093
        ],
        [
            0.05921664461493492,
            0.042733147740364075,
            0.50038081407547
        ],
        [
            0.02730952948331833,
            0.025260385125875473,
            0.2329123616218567
        ],
        [
            0.24438267946243286,
            -0.055877357721328735,
            0.22333145141601562
        ],
        [
            0.10964516550302505,
            0.11974458396434784,
            0.19592222571372986
        ],
        [
            0.11852305382490158,
            0.04912732541561127,
            0.12824496626853943
        ],
        [
            0.12071524560451508,
            -0.06860247254371643,
            0.19286979734897614
        ],
        [
            0.06774088740348816,
            0.037691328674554825,
            0.4972211718559265
        ],
        [
            0.04255747050046921,
            0.060088980942964554,
            0.1920260339975357
        ],
        [
            -0.37536248564720154,
            -0.022516721859574318,
            0.2620242238044739
        ],
        [
            0.04002483934164047,
            0.15035507082939148,
            0.04120964556932449
        ],
        [
            -0.13970176875591278,
            -0.18282179534435272,
            0.10793289542198181
        ]
    ],
    "right_hand_pose": [
        [
            -0.04593253880739212,
            -0.0409993976354599,
            -0.12830042839050293
        ],
        [
            0.0536358505487442,
            -0.0024885721504688263,
            -0.28461506962776184
        ],
        [
            -0.01996191218495369,
            -0.02181740291416645,
            -0.29098865389823914
        ],
        [
            -0.009581392630934715,
            0.061339884996414185,
            -0.07141634076833725
        ],
        [
            0.06404180079698563,
            -0.03862910717725754,
            -0.48684415221214294
        ],
        [
            0.028544476255774498,
            -0.008394431322813034,
            -0.2442602962255478
        ],
        [
            0.233125701546669,
            0.06806635111570358,
            -0.2513609826564789
        ],
        [
            0.1876077800989151,
            -0.12109564244747162,
            -0.18503324687480927
        ],
        [
            0.07896843552589417,
            -0.054506801068782806,
            -0.1293925642967224
        ],
        [
            0.10090091824531555,
            0.07157944142818451,
            -0.2112094759941101
        ],
        [
            0.06875204294919968,
            -0.025441445410251617,
            -0.528289258480072
        ],
        [
            0.03621722757816315,
            -0.05090874433517456,
            -0.18861271440982819
        ],
        [
            -0.21330560743808746,
            0.0292456466704607,
            -0.14019760489463806
        ],
        [
            0.037593260407447815,
            -0.06123283505439758,
            -0.043560802936553955
        ],
        [
            -0.06443940848112106,
            0.124691441655159,
            -0.04312027990818024
        ]
    ],
    "jaw_pose": [
        [
            -0.00024075193505268544,
            -0.004306357819586992,
            -0.0016452637501060963
        ]
    ],
    "leye_pose": [
        [
            0.0,
            0.0,
            0.0
        ]
    ],
    "reye_pose": [
        [
            0.0,
            0.0,
            0.0
        ]
    ],
    "betas": [
        [
            0.6855683326721191,
            0.012726453132927418,
            0.37687620520591736,
            -0.22405339777469635,
            0.12790906429290771,
            -0.5296730995178223,
            -0.10201079398393631,
            0.07870274037122726,
            0.3563491106033325,
            -0.3580627143383026
        ]
    ],
    "expression": [
        [
            -0.013732390478253365,
            -0.005745824426412582,
            -0.05917125567793846,
            0.022834913805127144,
            0.013146357610821724,
            -0.024075839668512344,
            -0.014826575294137001,
            0.021802758798003197,
            -0.011646654456853867,
            -0.008048470132052898
        ]
    ],
    "transl": [
        [
            0.04471858590841293,
            0.3836280405521393,
            39.24331283569336
        ]
    ]
}