{
    "global_orient": [
        [
            -2.95241641998291,
            -0.02505544014275074,
            -0.08699192106723785
        ]
    ],
    "body_pose": [
        [
            0.06876879185438156,
            0.0521668903529644,
            0.08127147704362869
        ],
        [
            -0.07487236708402634,
            -0.05705106258392334,
            -0.09555913507938385
        ],
        [
            0.11794929206371307,
            0.0023010182194411755,
            -0.006614471320062876
        ],
        [
            0.11628702282905579,
            -0.043856024742126465,
            0.01633104309439659
        ],
        [
            0.2541987895965576,
            0.0010718506528064609,
            0.013842119835317135
        ],
        [
            -0.07010450214147568,
            0.0026733088307082653,
            0.003841693978756666
        ],
        [
            -0.16225144267082214,
            0.1401003748178482,
            0.03486741706728935
        ],
        [
            -0.1402016282081604,
            -0.12798501551151276,
            -0.017902782186865807
        ],
        [
            0.039337385445833206,
            0.00198268610984087,
            0.00725539168342948
        ],
        [
            -0.013222504407167435,
            0.0011012397008016706,
            -0.011906332336366177
        ],
        [
            -0.017887093126773834,
            0.001139007043093443,
            0.015452567487955093
        ],
        [
            -0.15343494713306427,
            -0.031785666942596436,
            0.07813142240047455
        ],
        [
            0.004870263859629631,
            -0.023201636970043182,
            -0.21293967962265015
        ],
        [
            0.001418356318026781,
            0.05786193534731865,
            0.2997916340827942
        ],
        [
            0.0156529750674963,
            -0.042730726301670074,
            -0.021565012633800507
        ],
        [
            0.07095891982316971,
            -0.16076335310935974,
            -0.7102123498916626
        ],
        [
            0.03596783056855202,
            0.14503999054431915,
            0.7050759196281433
        ],
        [
            0.03676604479551315,
            -0.23418977856636047,
            -0.0391654446721077
        ],
        [
            -0.03734759986400604,
            0.14936047792434692,
            -0.023309126496315002
        ],
        [
            -0.10183239728212357,
            -0.038710664957761765,
            0.14480845630168915
        ],
        [
            -0.12913091480731964,
            0.02773115783929825,
            -0.12626661360263824
        ]
    ],
    "left_hand_pose": [
        [
            -0.011618428863584995,
            0.05356844514608383,
            0.11659273505210876
        ],
        [
            0.030131226405501366,
            -0.009943387471139431,
            0.11886848509311676
        ],
        [
            -0.026550868526101112,
            0.005429473239928484,
            0.16043558716773987
        ],
        [
            -0.029107624664902687,
            -0.00511412788182497,
            0.07282135635614395
        ],
        [
            0.043406497687101364,
            0.037462253123521805,
            0.17878888547420502
        ],
        [
            0.032689351588487625,
            -0.008498704992234707,
            0.10393497347831726
        ],
        [
            0.08499308675527573,
            0.017953364178538322,
            0.21043702960014343
        ],
        [
            0.20407754182815552,
            0.08416585624217987,
            0.08591118454933167
        ],
        [
            0.004032556898891926,
            0.05897011607885361,
            0.08764781802892685
        ],
        [
            0.03492458164691925,
            -0.010638906620442867,
            0.1778588891029358
        ],
        [
            0.03544078394770622,
            0.019914576783776283,
            0.2540021240711212
        ],
        [
            0.013234256766736507,
            0.007922988384962082,
            0.06638077646493912
        ],
        [
            -0.019436294212937355,
            -0.02785029448568821,
            0.015848740935325623
        ],
        [
            0.002110931556671858,
            0.02911432646214962,
            0.10788275301456451
        ],
        [
            -0.022006671875715256,
            -0.09991256147623062,
            -0.030291307717561722
        ]
    ],
    "right_hand_pose": [
        [
            -0.036362022161483765,
            -0.05560365319252014,
            -0.16948358714580536
        ],
        [
            0.029442302882671356,
            -0.0004693216469604522,
            -0.1685820370912552
        ],
        [
            -0.006614347454160452,
            -0.016898637637495995,
            -0.18153715133666992
        ],
        [
            -0.009094267152249813,
            0.03126068413257599,
            -0.12619657814502716
        ],
        [
            0.0404537059366703,
            -0.024323970079421997,
            -0.32045596837997437
        ],
        [
            0.024042056873440742,
            -0.008477764204144478,
            -0.1468273401260376
        ],
        [
            0.1935291886329651,
            0.02349795401096344,
            -0.25962382555007935
        ],
        [
            0.10726425051689148,
            -0.08896669745445251,
            -0.14016325771808624
        ],
        [
            0.07754360139369965,
            -0.03206445276737213,
            -0.0805412232875824
        ],
        [
            0.08206338435411453,
            0.035455524921417236,
            -0.25941044092178345
        ],
        [
            0.03754400461912155,
            -0.03151784464716911,
            -0.34241607785224915
        ],
        [
            0.024512311443686485,
            -0.03435370698571205,
            -0.11884154379367828
        ],
        [
            -0.2049112617969513,
            -0.0005393553292378783,
            -0.13216747343540192
        ],
        [
            0.029891710728406906,
            -0.089873768389225,
            -0.0795668214559555
        ],
        [
            -0.08467970043420792,
            0.13195012509822845,
            -0.030887600034475327
        ]
    ],
    "jaw_pose": [
        [
            0.002896976890042424,
            -0.0029856152832508087,
            -0.0006255557527765632
        ]
    ],
    "leye_pose": [
        [
            0.0,
            0.0,
            0.0
        ]
    ],
    "reye_pose": [
        [
            0.0,
            0.0,
            0.0
        ]
    ],
    "betas": [
        [
            0.5964745879173279,
            -0.10074758529663086,
            0.38754186034202576,
            -0.058823201805353165,
            0.313240647315979,
            -0.34086257219314575,
            -0.04060718044638634,
            0.0069391545839607716,
            0.012002046220004559,
            -0.39772582054138184
        ]
    ],
    "expression": [
        [
            0.009650588035583496,
            0.02216126210987568,
            -0.07350461184978485,
            0.0258469395339489,
            -0.0006382130086421967,
            -0.032707322388887405,
            -0.025693299248814583,
            0.032558899372816086,
            -0.015514461323618889,
            -0.001654607243835926
        ]
    ],
    "transl": [
        [
            -0.007674053311347961,
            0.30823105573654175,
            42.997283935546875
        ]
    ]
}