{
    "global_orient": [
        [
            -2.941807746887207,
            -0.04142690822482109,
            0.059946779161691666
        ]
    ],
    "body_pose": [
        [
            0.07907775044441223,
            0.012693376280367374,
            -0.007721272762864828
        ],
        [
            0.02094050869345665,
            -0.0036100479774177074,
            0.033008873462677
        ],
        [
            0.09605325758457184,
            -0.0037705746944993734,
            -0.021962830796837807
        ],
        [
            0.05448123812675476,
            -0.03955744579434395,
            0.04364703223109245
        ],
        [
            0.0630045160651207,
            0.03412996232509613,
            -0.0029484161641448736
        ],
        [
            -0.06418775767087936,
            -0.005687495227903128,
            -0.005382427014410496
        ],
        [
            -0.11651811748743057,
            0.13390181958675385,
            0.021864697337150574
        ],
        [
            -0.1125066801905632,
            -0.11549939960241318,
            -0.03632519394159317
        ],
        [
            0.05080833286046982,
            -0.009354784153401852,
            0.0031796605326235294
        ],
        [
            -0.011293460614979267,
            -0.0014828393468633294,
            -0.012378516606986523
        ],
        [
            -0.011161602102220058,
            -0.000492584949824959,
            0.0054837847128510475
        ],
        [
            -0.16061337292194366,
            -0.019074052572250366,
            0.14014434814453125
        ],
        [
            0.011876730248332024,
            -0.04426698386669159,
            -0.258513480424881
        ],
        [
            0.019268127158284187,
            0.05146997421979904,
            0.3413531184196472
        ],
        [
            0.00970897264778614,
            0.021395327523350716,
            -0.07538164407014847
        ],
        [
            0.13498428463935852,
            -0.2690090835094452,
            -0.939370334148407
        ],
        [
            0.0979645624756813,
            0.22451646625995636,
            0.9480332136154175
        ],
        [
            0.08068475872278214,
            -0.24619704484939575,
            -0.054875925183296204
        ],
        [
            0.03402121737599373,
            0.18643052875995636,
            -0.015431670472025871
        ],
        [
            -0.1435798555612564,
            -0.04747535660862923,
            0.24788254499435425
        ],
        [
            -0.10076409578323364,
            0.023531388491392136,
            -0.27934709191322327
        ]
    ],
    "left_hand_pose": [
        [
            -0.011403086595237255,
            0.03835570439696312,
            0.016655195504426956
        ],
        [
            0.07456215471029282,
            -0.005611250177025795,
            0.11498769372701645
        ],
        [
            -0.06988301873207092,
            -0.004551886115223169,
            0.28193822503089905
        ],
        [
            -0.07410306483507156,
            -0.02532806433737278,
            -0.05071457475423813
        ],
        [
            0.061917368322610855,
            0.0642302930355072,
            0.2824680507183075
        ],
        [
            0.05024002864956856,
            -0.008585717529058456,
            0.1596631109714508
        ],
        [
            -0.04155125468969345,
            -0.04804448038339615,
            0.05942758172750473
        ],
        [
            0.24388980865478516,
            0.11755333840847015,
            0.10778333991765976
        ],
        [
            0.020494021475315094,
            0.08983704447746277,
            0.1290259212255478
        ],
        [
            -0.009151341393589973,
            -0.06157779321074486,
            0.02948720194399357
        ],
        [
            0.04121223837137222,
            0.03804196044802666,
            0.3496418595314026
        ],
        [
            0.02227221243083477,
            0.042377691715955734,
            0.11413389444351196
        ],
        [
            -0.046242669224739075,
            0.002406845334917307,
            0.041171785444021225
        ],
        [
            -0.022797612473368645,
            0.03459922596812248,
            0.17856164276599884
        ],
        [
            -0.04468190670013428,
            -0.1867203563451767,
            -0.0698186457157135
        ]
    ],
    "right_hand_pose": [
        [
            -0.013077538460493088,
            -0.052134424448013306,
            -0.16071000695228577
        ],
        [
            0.008739315904676914,
            0.02051723189651966,
            -0.14997120201587677
        ],
        [
            -0.016421880573034286,
            -0.033792026340961456,
            -0.1738261729478836
        ],
        [
            -0.02005019225180149,
            0.02720910869538784,
            -0.1538064181804657
        ],
        [
            0.0404069684445858,
            -0.04458928853273392,
            -0.24890486896038055
        ],
        [
            0.030999941751360893,
            -0.001489275018684566,
            -0.15193788707256317
        ],
        [
            0.1649039387702942,
            -0.008304961025714874,
            -0.27880990505218506
        ],
        [
            0.17749446630477905,
            -0.1019950807094574,
            -0.10245794802904129
        ],
        [
            0.04867066815495491,
            -0.05699259042739868,
            -0.11018217355012894
        ],
        [
            0.07227049022912979,
            0.026347629725933075,
            -0.2769717276096344
        ],
        [
            0.050401125103235245,
            -0.03819230571389198,
            -0.27014100551605225
        ],
        [
            0.03325431048870087,
            -0.016229191794991493,
            -0.12957942485809326
        ],
        [
            -0.16064953804016113,
            0.021649517118930817,
            -0.07508568465709686
        ],
        [
            0.0199040025472641,
            -0.09060915559530258,
            -0.14224354922771454
        ],
        [
            -0.0977446511387825,
            0.1840425729751587,
            0.033234935253858566
        ]
    ],
    "jaw_pose": [
        [
            0.003592458087950945,
            -0.0026224772445857525,
            -0.002286893781274557
        ]
    ],
    "leye_pose": [
        [
            0.0,
            0.0,
            0.0
        ]
    ],
    "reye_pose": [
        [
            0.0,
            0.0,
            0.0
        ]
    ],
    "betas": [
        [
            0.015375453978776932,
            -0.19530896842479706,
            0.5705968737602234,
            0.18016578257083893,
            -0.032130204141139984,
            -0.08535764366388321,
            0.005971772596240044,
            -0.1738889366388321,
            -0.08288019895553589,
            -0.185017928481102
        ]
    ],
    "expression": [
        [
            -0.014263216406106949,
            0.0007723502349108458,
            -0.03305730223655701,
            0.014964215457439423,
            0.002406070940196514,
            -0.030044594779610634,
            -0.01184936985373497,
            0.02289394661784172,
            -0.01284050103276968,
            -0.011083387769758701
        ]
    ],
    "transl": [
        [
            -0.002413744106888771,
            0.3194817006587982,
            41.10798263549805
        ]
    ]
}