{
    "global_orient": [
        [
            -2.955622673034668,
            -0.05569327995181084,
            -0.023836836218833923
        ]
    ],
    "body_pose": [
        [
            0.06129308044910431,
            0.016303827986121178,
            0.02946917898952961
        ],
        [
            0.031325459480285645,
            -0.025441309437155724,
            0.013716843910515308
        ],
        [
            0.08873369544744492,
            0.0073409657925367355,
            -0.014942036010324955
        ],
        [
            0.03430701792240143,
            -0.04984881728887558,
            0.03383703529834747
        ],
        [
            0.11225468665361404,
            0.015688061714172363,
            -0.002677228068932891
        ],
        [
            -0.09028446674346924,
            -0.0013068456901237369,
            -0.013162129558622837
        ],
        [
            -0.16087758541107178,
            0.16920457780361176,
            0.03446849063038826
        ],
        [
            -0.16662174463272095,
            -0.14848703145980835,
            -0.04563529044389725
        ],
        [
            0.09602043777704239,
            0.00035141201806254685,
            -0.002661016769707203
        ],
        [
            -0.01591099239885807,
            0.006339497398585081,
            -0.00518898805603385
        ],
        [
            -0.020495126023888588,
            -0.003996727522462606,
            0.013900120742619038
        ],
        [
            -0.11217349767684937,
            -0.03072088398039341,
            0.05865129828453064
        ],
        [
            -0.004401256330311298,
            0.018403641879558563,
            -0.11944959312677383
        ],
        [
            -0.007494078017771244,
            0.00673808204010129,
            0.20595373213291168
        ],
        [
            -0.0615706592798233,
            -0.05431269109249115,
            -0.025712305679917336
        ],
        [
            0.022415298968553543,
            -0.165593221783638,
            -0.7618119120597839
        ],
        [
            -0.0203989390283823,
            0.14273205399513245,
            0.7569881677627563
        ],
        [
            -0.035172462463378906,
            -0.2286825180053711,
            -0.026562070474028587
        ],
        [
            -0.10502045601606369,
            0.15921398997306824,
            -0.03912397474050522
        ],
        [
            -0.11669022589921951,
            -0.008314251899719238,
            0.2029499113559723
        ],
        [
            -0.10635778307914734,
            -0.011734971776604652,
            -0.2384924441576004
        ]
    ],
    "left_hand_pose": [
        [
            -0.04210185259580612,
            0.0394175723195076,
            0.210115447640419
        ],
        [
            0.029889868572354317,
            -0.009165237657725811,
            0.27267441153526306
        ],
        [
            -0.013138113543391228,
            0.03223808482289314,
            0.2857133448123932
        ],
        [
            -0.009447405114769936,
            -0.06393462419509888,
            0.15197815001010895
        ],
        [
            0.06910759955644608,
            0.04395177587866783,
            0.5152230262756348
        ],
        [
            0.036112166941165924,
            0.014469116926193237,
            0.26645803451538086
        ],
        [
            0.20029212534427643,
            -0.05466426908969879,
            0.31853339076042175
        ],
        [
            0.18652938306331635,
            0.1283629983663559,
            0.21266333758831024
        ],
        [
            0.107729472219944,
            0.05718842148780823,
            0.16873960196971893
        ],
        [
            0.08571169525384903,
            -0.08071207255125046,
            0.30587589740753174
        ],
        [
            0.08728627115488052,
            0.047793805599212646,
            0.5589187741279602
        ],
        [
            0.04699688032269478,
            0.050395749509334564,
            0.2080438882112503
        ],
        [
            -0.20513252913951874,
            -0.008281270042061806,
            0.11113560199737549
        ],
        [
            0.050139524042606354,
            0.1077100932598114,
            0.10655972361564636
        ],
        [
            -0.0756392627954483,
            -0.13400420546531677,
            -0.007518886122852564
        ]
    ],
    "right_hand_pose": [
        [
            -0.05912305787205696,
            -0.029125096276402473,
            -0.33594581484794617
        ],
        [
            -0.054417774081230164,
            -0.015307867899537086,
            -0.452678918838501
        ],
        [
            0.0636269748210907,
            -0.07070130109786987,
            -0.2263908088207245
        ],
        [
            0.09735747426748276,
            0.0712723657488823,
            -0.290361613035202
        ],
        [
            0.06197544187307358,
            -0.01285320334136486,
            -0.6320061683654785
        ],
        [
            0.01875685155391693,
            -0.03916870802640915,
            -0.31612709164619446
        ],
        [
            0.4310351312160492,
            0.031874798238277435,
            -0.40617963671684265
        ],
        [
            0.14046460390090942,
            -0.14240603148937225,
            -0.3081584870815277
        ],
        [
            0.17076852917671204,
            -0.02883007749915123,
            -0.22192709147930145
        ],
        [
            0.19214141368865967,
            0.03735358640551567,
            -0.40855616331100464
        ],
        [
            0.1310093253850937,
            -0.0618865042924881,
            -0.6347991824150085
        ],
        [
            0.06517758220434189,
            -0.04383810982108116,
            -0.2820028066635132
        ],
        [
            -0.404847115278244,
            0.11466192454099655,
            -0.20018386840820312
        ],
        [
            0.06971587240695953,
            -0.12456484884023666,
            0.03547916188836098
        ],
        [
            -0.16003724932670593,
            0.13540367782115936,
            -0.16792239248752594
        ]
    ],
    "jaw_pose": [
        [
            0.004100649151951075,
            -0.0033536474220454693,
            -0.0030691788997501135
        ]
    ],
    "leye_pose": [
        [
            0.0,
            0.0,
            0.0
        ]
    ],
    "reye_pose": [
        [
            0.0,
            0.0,
            0.0
        ]
    ],
    "betas": [
        [
            0.7086395025253296,
            0.14870890974998474,
            0.6331139206886292,
            -0.19707760214805603,
            -0.007732080295681953,
            -0.40730389952659607,
            0.046265747398138046,
            0.197962686419487,
            0.19197754561901093,
            -0.08248604089021683
        ]
    ],
    "expression": [
        [
            -0.005122248083353043,
            0.013200344517827034,
            -0.05211039260029793,
            0.0011099877301603556,
            -0.0006831716746091843,
            -0.027703341096639633,
            -0.015022299252450466,
            0.022047074511647224,
            -0.0049055106937885284,
            -0.006126386113464832
        ]
    ],
    "transl": [
        [
            0.03011661395430565,
            0.3668937385082245,
            38.88665008544922
        ]
    ]
}