{
    "global_orient": [
        [
            -2.970501184463501,
            -0.03414623811841011,
            0.011735116131603718
        ]
    ],
    "body_pose": [
        [
            -0.06005996838212013,
            -0.00601602578535676,
            0.02091277576982975
        ],
        [
            -0.09007689356803894,
            -0.005331125110387802,
            -0.025477591902017593
        ],
        [
            0.15678809583187103,
            0.003178730607032776,
            -0.004775966517627239
        ],
        [
            0.3405936360359192,
            -0.028612637892365456,
            -0.008710986003279686
        ],
        [
            0.39784204959869385,
            0.01917571946978569,
            0.03425988554954529
        ],
        [
            -0.11865600198507309,
            -0.00014394281606655568,
            -0.005817424971610308
        ],
        [
            -0.20359860360622406,
            0.12069686502218246,
            0.05107875540852547
        ],
        [
            -0.19246049225330353,
            -0.11150497198104858,
            -0.05287070944905281
        ],
        [
            0.09944876283407211,
            0.001247179927304387,
            0.0040358551777899265
        ],
        [
            -0.02847866900265217,
            0.0064034308306872845,
            -0.009658243507146835
        ],
        [
            -0.03493505343794823,
            -0.0052019101567566395,
            0.017018746584653854
        ],
        [
            -0.12050585448741913,
            -0.008523928932845592,
            0.06868255138397217
        ],
        [
            -0.003611207939684391,
            0.03673654794692993,
            -0.17313583195209503
        ],
        [
            -0.009964034892618656,
            0.00861017219722271,
            0.2433769851922989
        ],
        [
            0.02144293487071991,
            -0.011594115756452084,
            -0.03219614550471306
        ],
        [
            0.04096848890185356,
            -0.14350998401641846,
            -0.766573429107666
        ],
        [
            0.016346940770745277,
            0.15361244976520538,
            0.7545009851455688
        ],
        [
            -0.07027576118707657,
            -0.13224878907203674,
            -0.011671731248497963
        ],
        [
            -0.11272820085287094,
            0.1378498077392578,
            -0.04124102741479874
        ],
        [
            -0.14014102518558502,
            0.03187667205929756,
            0.19316157698631287
        ],
        [
            -0.11181487143039703,
            -0.031297069042921066,
            -0.17795953154563904
        ]
    ],
    "left_hand_pose": [
        [
            -0.053482409566640854,
            0.04890759289264679,
            0.17703689634799957
        ],
        [
            0.05578140169382095,
            -0.016925927251577377,
            0.2530462145805359
        ],
        [
            -0.018868176266551018,
            0.03814472630620003,
            0.30665507912635803
        ],
        [
            -0.04303596541285515,
            -0.08043975383043289,
            0.13721616566181183
        ],
        [
            0.07242567837238312,
            0.06588488072156906,
            0.5455186367034912
        ],
        [
            0.03924800455570221,
            0.0229768306016922,
            0.290447473526001
        ],
        [
            0.2792503237724304,
            -0.1164180338382721,
            0.4317474663257599
        ],
        [
            0.16009967029094696,
            0.15391568839550018,
            0.24585436284542084
        ],
        [
            0.14239652454853058,
            0.053805217146873474,
            0.1923564225435257
        ],
        [
            0.11024849116802216,
            -0.12119895964860916,
            0.3381914496421814
        ],
        [
            0.07783246040344238,
            0.03137543052434921,
            0.5537554025650024
        ],
        [
            0.04416907951235771,
            0.06515450030565262,
            0.24184855818748474
        ],
        [
            -0.18999919295310974,
            0.05327240005135536,
            0.12970660626888275
        ],
        [
            0.047957900911569595,
            0.13465194404125214,
            0.13033443689346313
        ],
        [
            -0.10174340009689331,
            -0.23805736005306244,
            0.0331086590886116
        ]
    ],
    "right_hand_pose": [
        [
            -0.06474354863166809,
            -0.060661815106868744,
            -0.28897929191589355
        ],
        [
            -0.013777829706668854,
            -0.014604201540350914,
            -0.317770391702652
        ],
        [
            0.048684872686862946,
            -0.04812467843294144,
            -0.18782271444797516
        ],
        [
            0.06012442335486412,
            0.06637892872095108,
            -0.23582863807678223
        ],
        [
            0.05568515881896019,
            -0.017904022708535194,
            -0.5258541703224182
        ],
        [
            0.013628123328089714,
            -0.035596828907728195,
            -0.24068765342235565
        ],
        [
            0.3966364860534668,
            0.05631088837981224,
            -0.4337107539176941
        ],
        [
            0.08581118285655975,
            -0.11401817947626114,
            -0.23289898037910461
        ],
        [
            0.16516824066638947,
            -0.024171967059373856,
            -0.14973796904087067
        ],
        [
            0.17128652334213257,
            0.03677717223763466,
            -0.3730774223804474
        ],
        [
            0.08245938271284103,
            -0.03533702716231346,
            -0.49719834327697754
        ],
        [
            0.0462450236082077,
            -0.054530806839466095,
            -0.21925222873687744
        ],
        [
            -0.42701828479766846,
            0.0017860984662547708,
            -0.2726694941520691
        ],
        [
            0.07130834460258484,
            -0.1741933375597,
            -0.02553725428879261
        ],
        [
            -0.16855141520500183,
            0.17858093976974487,
            -0.1597086489200592
        ]
    ],
    "jaw_pose": [
        [
            0.0029549214523285627,
            -0.0033275126479566097,
            -0.002209467813372612
        ]
    ],
    "leye_pose": [
        [
            0.0,
            0.0,
            0.0
        ]
    ],
    "reye_pose": [
        [
            0.0,
            0.0,
            0.0
        ]
    ],
    "betas": [
        [
            0.9566919207572937,
            0.34719762206077576,
            0.6828324198722839,
            -0.3343826234340668,
            0.23872418701648712,
            -0.5721040964126587,
            -0.06196088716387749,
            0.22393885254859924,
            0.2435222566127777,
            -0.15093949437141418
        ]
    ],
    "expression": [
        [
            0.010001355782151222,
            0.025925612077116966,
            -0.10705211013555527,
            0.024547606706619263,
            -0.006477658636868,
            -0.031190872192382812,
            -0.03378942981362343,
            0.03059016726911068,
            -0.012576460838317871,
            -0.004086201079189777
        ]
    ],
    "transl": [
        [
            0.0016000811010599136,
            0.33068981766700745,
            41.82752227783203
        ]
    ]
}